INFO 2026-04-05 13:37:45,306 autoreload Watching for file changes with StatReloader
INFO 2026-04-05 13:38:01,167 autoreload D:\GitAGThaiTechZone\myAPP-Django-AIOTs\myproject\settings.py changed, reloading.
INFO 2026-04-05 13:38:04,636 autoreload Watching for file changes with StatReloader
INFO 2026-04-05 13:46:06,283 autoreload Watching for file changes with StatReloader
INFO 2026-04-05 13:49:33,800 autoreload Watching for file changes with StatReloader
INFO 2026-04-05 13:50:24,372 mqtt_handler Connecting to MQTT broker at broker.hivemq.com:1883
INFO 2026-04-05 13:50:24,651 mqtt_handler Starting MQTT client loop
INFO 2026-04-05 13:50:24,850 mqtt_handler Connected to MQTT broker successfully
INFO 2026-04-05 13:50:24,851 mqtt_handler Subscribed to smartfarm topics
INFO 2026-04-05 13:50:25,256 mqtt_handler Received message on topic: smartfarm/ESP32-FARM-001-WEERADEJ/status
INFO 2026-04-05 13:50:25,282 mqtt_handler Created device: ESP32-FARM-001-WEERADEJ with status offline
INFO 2026-04-05 13:50:25,284 mqtt_handler Received message on topic: smartfarm/ESP32-FARM-Jan01/status
INFO 2026-04-05 13:50:25,292 mqtt_handler Created device: ESP32-FARM-Jan01 with status offline
INFO 2026-04-05 13:50:25,293 mqtt_handler Received message on topic: smartfarm/KOTA-FARM-001/status
INFO 2026-04-05 13:50:25,299 mqtt_handler Created device: KOTA-FARM-001 with status offline
INFO 2026-04-05 13:50:25,302 mqtt_handler Received message on topic: smartfarm/ESP32-FARM-001-BENJA-BENZ/status
INFO 2026-04-05 13:50:25,308 mqtt_handler Created device: ESP32-FARM-001-BENJA-BENZ with status offline
INFO 2026-04-05 13:50:25,309 mqtt_handler Received message on topic: smartfarm/ESP32-FARM-001-TK2468/status
INFO 2026-04-05 13:50:25,316 mqtt_handler Created device: ESP32-FARM-001-TK2468 with status offline
INFO 2026-04-05 13:50:25,319 mqtt_handler Received message on topic: smartfarm/ESP32-FARM-000-Anekwong/status
INFO 2026-04-05 13:50:25,330 mqtt_handler Created device: ESP32-FARM-000-Anekwong with status offline
INFO 2026-04-05 13:50:25,331 mqtt_handler Received message on topic: smartfarm/ESP32-FARM-001-HANAHARPER/status
INFO 2026-04-05 13:50:25,345 mqtt_handler Created device: ESP32-FARM-001-HANAHARPER with status offline
INFO 2026-04-05 13:50:25,346 mqtt_handler Received message on topic: smartfarm/ESP32-FARM-001-ATTASIT/status
INFO 2026-04-05 13:50:25,359 mqtt_handler Created device: ESP32-FARM-001-ATTASIT with status offline
INFO 2026-04-05 13:50:25,360 mqtt_handler Received message on topic: smartfarm/ESP32-FARM-001-methee/status
INFO 2026-04-05 13:50:25,366 mqtt_handler Created device: ESP32-FARM-001-methee with status offline
INFO 2026-04-05 13:50:25,367 mqtt_handler Received message on topic: smartfarm/ESP32-FARM-001-chonmapat/status
INFO 2026-04-05 13:50:25,373 mqtt_handler Created device: ESP32-FARM-001-chonmapat with status offline
INFO 2026-04-05 13:50:25,373 mqtt_handler Received message on topic: smartfarm/ESP32-FARM-001-SUWAN-LAR/status
INFO 2026-04-05 13:50:25,380 mqtt_handler Created device: ESP32-FARM-001-SUWAN-LAR with status offline
INFO 2026-04-05 13:50:25,380 mqtt_handler Received message on topic: smartfarm/ESP32-FARM-001/status
INFO 2026-04-05 13:50:25,387 mqtt_handler Created device: ESP32-FARM-001 with status offline
INFO 2026-04-05 13:50:25,387 mqtt_handler Received message on topic: smartfarm/ESP32-FARM-WEERADEJ/status
INFO 2026-04-05 13:50:25,393 mqtt_handler Created device: ESP32-FARM-WEERADEJ with status offline
INFO 2026-04-05 13:50:25,394 mqtt_handler Received message on topic: smartfarm/ESP32-FARM-001-NATTAPHOL-PALM/status
INFO 2026-04-05 13:50:25,400 mqtt_handler Created device: ESP32-FARM-001-NATTAPHOL-PALM with status online
INFO 2026-04-05 13:50:26,521 mqtt_handler Received message on topic: smartfarm/ESP32-FARM-001-NATTAPHOL-PALM/telemetry
INFO 2026-04-05 13:50:26,534 mqtt_handler Created telemetry log for ESP32-FARM-001-NATTAPHOL-PALM
INFO 2026-04-05 13:50:31,516 mqtt_handler Received message on topic: smartfarm/ESP32-FARM-001-NATTAPHOL-PALM/telemetry
INFO 2026-04-05 13:50:31,544 mqtt_handler Created telemetry log for ESP32-FARM-001-NATTAPHOL-PALM
INFO 2026-04-05 13:50:36,519 mqtt_handler Received message on topic: smartfarm/ESP32-FARM-001-NATTAPHOL-PALM/telemetry
INFO 2026-04-05 13:50:36,536 mqtt_handler Created telemetry log for ESP32-FARM-001-NATTAPHOL-PALM
INFO 2026-04-05 13:50:41,529 mqtt_handler Received message on topic: smartfarm/ESP32-FARM-001-NATTAPHOL-PALM/telemetry
INFO 2026-04-05 13:50:41,548 mqtt_handler Created telemetry log for ESP32-FARM-001-NATTAPHOL-PALM
INFO 2026-04-05 13:50:41,766 mqtt_handler Received message on topic: smartfarm/ESP32-FARM-001-NATTAPHOL-PALM/status
INFO 2026-04-05 13:50:41,776 mqtt_handler Updated device: ESP32-FARM-001-NATTAPHOL-PALM with status online
INFO 2026-04-05 13:50:46,552 mqtt_handler Received message on topic: smartfarm/ESP32-FARM-001-NATTAPHOL-PALM/telemetry
INFO 2026-04-05 13:50:46,569 mqtt_handler Created telemetry log for ESP32-FARM-001-NATTAPHOL-PALM
INFO 2026-04-05 13:50:51,528 mqtt_handler Received message on topic: smartfarm/ESP32-FARM-001-NATTAPHOL-PALM/telemetry
INFO 2026-04-05 13:50:51,618 mqtt_handler Created telemetry log for ESP32-FARM-001-NATTAPHOL-PALM
INFO 2026-04-05 13:50:56,528 mqtt_handler Received message on topic: smartfarm/ESP32-FARM-001-NATTAPHOL-PALM/telemetry
INFO 2026-04-05 13:50:56,551 mqtt_handler Created telemetry log for ESP32-FARM-001-NATTAPHOL-PALM
INFO 2026-04-05 13:51:01,520 mqtt_handler Received message on topic: smartfarm/ESP32-FARM-001-NATTAPHOL-PALM/telemetry
INFO 2026-04-05 13:51:01,562 mqtt_handler Created telemetry log for ESP32-FARM-001-NATTAPHOL-PALM
INFO 2026-04-05 13:51:06,524 mqtt_handler Received message on topic: smartfarm/ESP32-FARM-001-NATTAPHOL-PALM/telemetry
INFO 2026-04-05 13:51:06,537 mqtt_handler Created telemetry log for ESP32-FARM-001-NATTAPHOL-PALM
INFO 2026-04-05 13:51:11,519 mqtt_handler Received message on topic: smartfarm/ESP32-FARM-001-NATTAPHOL-PALM/telemetry
INFO 2026-04-05 13:51:11,557 mqtt_handler Created telemetry log for ESP32-FARM-001-NATTAPHOL-PALM
INFO 2026-04-05 13:51:11,763 mqtt_handler Received message on topic: smartfarm/ESP32-FARM-001-NATTAPHOL-PALM/status
INFO 2026-04-05 13:51:11,791 mqtt_handler Updated device: ESP32-FARM-001-NATTAPHOL-PALM with status online
INFO 2026-04-05 13:51:16,521 mqtt_handler Received message on topic: smartfarm/ESP32-FARM-001-NATTAPHOL-PALM/telemetry
INFO 2026-04-05 13:51:16,545 mqtt_handler Created telemetry log for ESP32-FARM-001-NATTAPHOL-PALM
INFO 2026-04-05 13:51:21,517 mqtt_handler Received message on topic: smartfarm/ESP32-FARM-001-NATTAPHOL-PALM/telemetry
INFO 2026-04-05 13:51:21,547 mqtt_handler Created telemetry log for ESP32-FARM-001-NATTAPHOL-PALM
INFO 2026-04-05 13:51:26,518 mqtt_handler Received message on topic: smartfarm/ESP32-FARM-001-NATTAPHOL-PALM/telemetry
INFO 2026-04-05 13:51:26,538 mqtt_handler Created telemetry log for ESP32-FARM-001-NATTAPHOL-PALM
INFO 2026-04-05 13:51:31,525 mqtt_handler Received message on topic: smartfarm/ESP32-FARM-001-NATTAPHOL-PALM/telemetry
INFO 2026-04-05 13:51:31,554 mqtt_handler Created telemetry log for ESP32-FARM-001-NATTAPHOL-PALM
INFO 2026-04-05 13:51:36,533 mqtt_handler Received message on topic: smartfarm/ESP32-FARM-001-NATTAPHOL-PALM/telemetry
INFO 2026-04-05 13:51:36,548 mqtt_handler Created telemetry log for ESP32-FARM-001-NATTAPHOL-PALM
INFO 2026-04-05 13:51:41,522 mqtt_handler Received message on topic: smartfarm/ESP32-FARM-001-NATTAPHOL-PALM/telemetry
INFO 2026-04-05 13:51:41,550 mqtt_handler Created telemetry log for ESP32-FARM-001-NATTAPHOL-PALM
INFO 2026-04-05 13:51:41,765 mqtt_handler Received message on topic: smartfarm/ESP32-FARM-001-NATTAPHOL-PALM/status
INFO 2026-04-05 13:51:41,772 mqtt_handler Updated device: ESP32-FARM-001-NATTAPHOL-PALM with status online
INFO 2026-04-05 13:51:46,519 mqtt_handler Received message on topic: smartfarm/ESP32-FARM-001-NATTAPHOL-PALM/telemetry
INFO 2026-04-05 13:51:46,560 mqtt_handler Created telemetry log for ESP32-FARM-001-NATTAPHOL-PALM
INFO 2026-04-05 13:51:51,529 mqtt_handler Received message on topic: smartfarm/ESP32-FARM-001-NATTAPHOL-PALM/telemetry
INFO 2026-04-05 13:51:51,567 mqtt_handler Created telemetry log for ESP32-FARM-001-NATTAPHOL-PALM
INFO 2026-04-05 13:51:56,550 mqtt_handler Received message on topic: smartfarm/ESP32-FARM-001-NATTAPHOL-PALM/telemetry
INFO 2026-04-05 13:51:56,575 mqtt_handler Created telemetry log for ESP32-FARM-001-NATTAPHOL-PALM
INFO 2026-04-05 13:52:01,529 mqtt_handler Received message on topic: smartfarm/ESP32-FARM-001-NATTAPHOL-PALM/telemetry
INFO 2026-04-05 13:52:01,556 mqtt_handler Created telemetry log for ESP32-FARM-001-NATTAPHOL-PALM
INFO 2026-04-05 13:52:06,522 mqtt_handler Received message on topic: smartfarm/ESP32-FARM-001-NATTAPHOL-PALM/telemetry
INFO 2026-04-05 13:52:06,556 mqtt_handler Created telemetry log for ESP32-FARM-001-NATTAPHOL-PALM
INFO 2026-04-05 13:52:11,525 mqtt_handler Received message on topic: smartfarm/ESP32-FARM-001-NATTAPHOL-PALM/telemetry
INFO 2026-04-05 13:52:11,560 mqtt_handler Created telemetry log for ESP32-FARM-001-NATTAPHOL-PALM
INFO 2026-04-05 13:52:11,773 mqtt_handler Received message on topic: smartfarm/ESP32-FARM-001-NATTAPHOL-PALM/status
INFO 2026-04-05 13:52:11,783 mqtt_handler Updated device: ESP32-FARM-001-NATTAPHOL-PALM with status online
INFO 2026-04-05 13:52:16,525 mqtt_handler Received message on topic: smartfarm/ESP32-FARM-001-NATTAPHOL-PALM/telemetry
INFO 2026-04-05 13:52:16,560 mqtt_handler Created telemetry log for ESP32-FARM-001-NATTAPHOL-PALM
INFO 2026-04-05 13:52:19,005 autoreload D:\GitAGThaiTechZone\myAPP-Django-AIOTs\myproject\settings.py changed, reloading.
INFO 2026-04-05 13:52:21,516 mqtt_handler Received message on topic: smartfarm/ESP32-FARM-001-NATTAPHOL-PALM/telemetry
INFO 2026-04-05 13:52:21,528 mqtt_handler Created telemetry log for ESP32-FARM-001-NATTAPHOL-PALM
INFO 2026-04-05 13:52:21,799 autoreload Watching for file changes with StatReloader
INFO 2026-04-05 13:52:26,518 mqtt_handler Received message on topic: smartfarm/ESP32-FARM-001-NATTAPHOL-PALM/telemetry
INFO 2026-04-05 13:52:26,547 mqtt_handler Created telemetry log for ESP32-FARM-001-NATTAPHOL-PALM
INFO 2026-04-05 13:52:31,514 mqtt_handler Received message on topic: smartfarm/ESP32-FARM-001-NATTAPHOL-PALM/telemetry
INFO 2026-04-05 13:52:31,531 mqtt_handler Created telemetry log for ESP32-FARM-001-NATTAPHOL-PALM
INFO 2026-04-05 13:52:36,518 mqtt_handler Received message on topic: smartfarm/ESP32-FARM-001-NATTAPHOL-PALM/telemetry
INFO 2026-04-05 13:52:36,530 mqtt_handler Created telemetry log for ESP32-FARM-001-NATTAPHOL-PALM
INFO 2026-04-05 13:52:36,810 autoreload D:\GitAGThaiTechZone\myAPP-Django-AIOTs\myproject\settings.py changed, reloading.
INFO 2026-04-05 13:52:38,299 autoreload Watching for file changes with StatReloader
INFO 2026-04-05 13:52:41,526 mqtt_handler Received message on topic: smartfarm/ESP32-FARM-001-NATTAPHOL-PALM/telemetry
INFO 2026-04-05 13:52:41,537 mqtt_handler Created telemetry log for ESP32-FARM-001-NATTAPHOL-PALM
INFO 2026-04-05 13:52:41,771 mqtt_handler Received message on topic: smartfarm/ESP32-FARM-001-NATTAPHOL-PALM/status
INFO 2026-04-05 13:52:41,780 mqtt_handler Updated device: ESP32-FARM-001-NATTAPHOL-PALM with status online
INFO 2026-04-05 13:52:46,524 mqtt_handler Received message on topic: smartfarm/ESP32-FARM-001-NATTAPHOL-PALM/telemetry
INFO 2026-04-05 13:52:46,539 mqtt_handler Created telemetry log for ESP32-FARM-001-NATTAPHOL-PALM
INFO 2026-04-05 13:52:51,537 mqtt_handler Received message on topic: smartfarm/ESP32-FARM-001-NATTAPHOL-PALM/telemetry
INFO 2026-04-05 13:52:51,552 mqtt_handler Created telemetry log for ESP32-FARM-001-NATTAPHOL-PALM
INFO 2026-04-05 13:52:56,516 mqtt_handler Received message on topic: smartfarm/ESP32-FARM-001-NATTAPHOL-PALM/telemetry
INFO 2026-04-05 13:52:56,530 mqtt_handler Created telemetry log for ESP32-FARM-001-NATTAPHOL-PALM
INFO 2026-04-05 13:53:01,518 mqtt_handler Received message on topic: smartfarm/ESP32-FARM-001-NATTAPHOL-PALM/telemetry
INFO 2026-04-05 13:53:01,529 mqtt_handler Created telemetry log for ESP32-FARM-001-NATTAPHOL-PALM
INFO 2026-04-05 13:53:06,519 mqtt_handler Received message on topic: smartfarm/ESP32-FARM-001-NATTAPHOL-PALM/telemetry
INFO 2026-04-05 13:53:06,534 mqtt_handler Created telemetry log for ESP32-FARM-001-NATTAPHOL-PALM
INFO 2026-04-05 13:53:11,522 mqtt_handler Received message on topic: smartfarm/ESP32-FARM-001-NATTAPHOL-PALM/telemetry
INFO 2026-04-05 13:53:11,534 mqtt_handler Created telemetry log for ESP32-FARM-001-NATTAPHOL-PALM
INFO 2026-04-05 13:53:11,786 mqtt_handler Received message on topic: smartfarm/ESP32-FARM-001-NATTAPHOL-PALM/status
INFO 2026-04-05 13:53:11,794 mqtt_handler Updated device: ESP32-FARM-001-NATTAPHOL-PALM with status online
INFO 2026-04-05 13:53:16,521 mqtt_handler Received message on topic: smartfarm/ESP32-FARM-001-NATTAPHOL-PALM/telemetry
INFO 2026-04-05 13:53:16,533 mqtt_handler Created telemetry log for ESP32-FARM-001-NATTAPHOL-PALM
INFO 2026-04-05 13:53:21,521 mqtt_handler Received message on topic: smartfarm/ESP32-FARM-001-NATTAPHOL-PALM/telemetry
INFO 2026-04-05 13:53:21,539 mqtt_handler Created telemetry log for ESP32-FARM-001-NATTAPHOL-PALM
INFO 2026-04-05 13:53:26,523 mqtt_handler Received message on topic: smartfarm/ESP32-FARM-001-NATTAPHOL-PALM/telemetry
INFO 2026-04-05 13:53:26,564 mqtt_handler Created telemetry log for ESP32-FARM-001-NATTAPHOL-PALM
INFO 2026-04-05 13:53:31,536 mqtt_handler Received message on topic: smartfarm/ESP32-FARM-001-NATTAPHOL-PALM/telemetry
INFO 2026-04-05 13:53:31,582 mqtt_handler Created telemetry log for ESP32-FARM-001-NATTAPHOL-PALM
INFO 2026-04-05 13:53:36,517 mqtt_handler Received message on topic: smartfarm/ESP32-FARM-001-NATTAPHOL-PALM/telemetry
INFO 2026-04-05 13:53:36,555 mqtt_handler Created telemetry log for ESP32-FARM-001-NATTAPHOL-PALM
INFO 2026-04-05 13:53:41,525 mqtt_handler Received message on topic: smartfarm/ESP32-FARM-001-NATTAPHOL-PALM/telemetry
INFO 2026-04-05 13:53:41,546 mqtt_handler Created telemetry log for ESP32-FARM-001-NATTAPHOL-PALM
INFO 2026-04-05 13:53:41,778 mqtt_handler Received message on topic: smartfarm/ESP32-FARM-001-NATTAPHOL-PALM/status
INFO 2026-04-05 13:53:41,785 mqtt_handler Updated device: ESP32-FARM-001-NATTAPHOL-PALM with status online
INFO 2026-04-05 13:53:46,525 mqtt_handler Received message on topic: smartfarm/ESP32-FARM-001-NATTAPHOL-PALM/telemetry
INFO 2026-04-05 13:53:46,544 mqtt_handler Created telemetry log for ESP32-FARM-001-NATTAPHOL-PALM
INFO 2026-04-05 13:53:51,516 mqtt_handler Received message on topic: smartfarm/ESP32-FARM-001-NATTAPHOL-PALM/telemetry
INFO 2026-04-05 13:53:51,551 mqtt_handler Created telemetry log for ESP32-FARM-001-NATTAPHOL-PALM
INFO 2026-04-05 13:53:55,515 autoreload D:\GitAGThaiTechZone\myAPP-Django-AIOTs\myproject\settings.py changed, reloading.
INFO 2026-04-05 13:53:56,524 mqtt_handler Received message on topic: smartfarm/ESP32-FARM-001-NATTAPHOL-PALM/telemetry
INFO 2026-04-05 13:53:56,537 mqtt_handler Created telemetry log for ESP32-FARM-001-NATTAPHOL-PALM
INFO 2026-04-05 13:53:57,945 autoreload Watching for file changes with StatReloader
INFO 2026-04-05 13:54:01,518 mqtt_handler Received message on topic: smartfarm/ESP32-FARM-001-NATTAPHOL-PALM/telemetry
INFO 2026-04-05 13:54:01,546 mqtt_handler Created telemetry log for ESP32-FARM-001-NATTAPHOL-PALM
INFO 2026-04-05 13:54:06,521 mqtt_handler Received message on topic: smartfarm/ESP32-FARM-001-NATTAPHOL-PALM/telemetry
INFO 2026-04-05 13:54:06,543 mqtt_handler Created telemetry log for ESP32-FARM-001-NATTAPHOL-PALM
INFO 2026-04-05 13:54:11,523 mqtt_handler Received message on topic: smartfarm/ESP32-FARM-001-NATTAPHOL-PALM/telemetry
INFO 2026-04-05 13:54:11,535 mqtt_handler Created telemetry log for ESP32-FARM-001-NATTAPHOL-PALM
INFO 2026-04-05 13:54:11,790 mqtt_handler Received message on topic: smartfarm/ESP32-FARM-001-NATTAPHOL-PALM/status
INFO 2026-04-05 13:54:11,816 mqtt_handler Updated device: ESP32-FARM-001-NATTAPHOL-PALM with status online
WARNING 2026-04-05 13:54:16,118 log Not Found: /favicon.ico
INFO 2026-04-05 13:54:16,522 mqtt_handler Received message on topic: smartfarm/ESP32-FARM-001-NATTAPHOL-PALM/telemetry
INFO 2026-04-05 13:54:16,542 mqtt_handler Created telemetry log for ESP32-FARM-001-NATTAPHOL-PALM
INFO 2026-04-05 13:54:21,612 mqtt_handler Received message on topic: smartfarm/ESP32-FARM-001-NATTAPHOL-PALM/telemetry
INFO 2026-04-05 13:54:21,637 mqtt_handler Created telemetry log for ESP32-FARM-001-NATTAPHOL-PALM
INFO 2026-04-05 13:54:26,528 mqtt_handler Received message on topic: smartfarm/ESP32-FARM-001-NATTAPHOL-PALM/telemetry
INFO 2026-04-05 13:54:26,542 mqtt_handler Created telemetry log for ESP32-FARM-001-NATTAPHOL-PALM
INFO 2026-04-05 13:54:31,520 mqtt_handler Received message on topic: smartfarm/ESP32-FARM-001-NATTAPHOL-PALM/telemetry
INFO 2026-04-05 13:54:31,538 mqtt_handler Created telemetry log for ESP32-FARM-001-NATTAPHOL-PALM
INFO 2026-04-05 13:54:36,526 mqtt_handler Received message on topic: smartfarm/ESP32-FARM-001-NATTAPHOL-PALM/telemetry
INFO 2026-04-05 13:54:36,541 mqtt_handler Created telemetry log for ESP32-FARM-001-NATTAPHOL-PALM
INFO 2026-04-05 13:54:37,550 autoreload Watching for file changes with StatReloader
INFO 2026-04-05 13:54:41,521 mqtt_handler Received message on topic: smartfarm/ESP32-FARM-001-NATTAPHOL-PALM/telemetry
INFO 2026-04-05 13:54:41,557 mqtt_handler Created telemetry log for ESP32-FARM-001-NATTAPHOL-PALM
INFO 2026-04-05 13:54:41,787 mqtt_handler Received message on topic: smartfarm/ESP32-FARM-001-NATTAPHOL-PALM/status
INFO 2026-04-05 13:54:41,798 mqtt_handler Updated device: ESP32-FARM-001-NATTAPHOL-PALM with status online
INFO 2026-04-05 13:54:46,522 mqtt_handler Received message on topic: smartfarm/ESP32-FARM-001-NATTAPHOL-PALM/telemetry
INFO 2026-04-05 13:54:46,563 mqtt_handler Created telemetry log for ESP32-FARM-001-NATTAPHOL-PALM
INFO 2026-04-05 13:54:51,513 mqtt_handler Received message on topic: smartfarm/ESP32-FARM-001-NATTAPHOL-PALM/telemetry
INFO 2026-04-05 13:54:51,529 mqtt_handler Created telemetry log for ESP32-FARM-001-NATTAPHOL-PALM
INFO 2026-04-05 13:54:56,524 mqtt_handler Received message on topic: smartfarm/ESP32-FARM-001-NATTAPHOL-PALM/telemetry
INFO 2026-04-05 13:54:56,547 mqtt_handler Created telemetry log for ESP32-FARM-001-NATTAPHOL-PALM
INFO 2026-04-05 13:55:01,528 mqtt_handler Received message on topic: smartfarm/ESP32-FARM-001-NATTAPHOL-PALM/telemetry
INFO 2026-04-05 13:55:01,583 mqtt_handler Created telemetry log for ESP32-FARM-001-NATTAPHOL-PALM
WARNING 2026-04-05 13:55:02,816 log Not Found: /favicon.ico
WARNING 2026-04-05 13:55:03,245 log Not Found: /favicon.ico
INFO 2026-04-05 13:55:06,519 mqtt_handler Received message on topic: smartfarm/ESP32-FARM-001-NATTAPHOL-PALM/telemetry
INFO 2026-04-05 13:55:06,536 mqtt_handler Created telemetry log for ESP32-FARM-001-NATTAPHOL-PALM
INFO 2026-04-05 13:55:11,516 mqtt_handler Received message on topic: smartfarm/ESP32-FARM-001-NATTAPHOL-PALM/telemetry
INFO 2026-04-05 13:55:11,536 mqtt_handler Created telemetry log for ESP32-FARM-001-NATTAPHOL-PALM
INFO 2026-04-05 13:55:11,797 mqtt_handler Received message on topic: smartfarm/ESP32-FARM-001-NATTAPHOL-PALM/status
INFO 2026-04-05 13:55:11,822 mqtt_handler Updated device: ESP32-FARM-001-NATTAPHOL-PALM with status online
INFO 2026-04-05 13:55:16,525 mqtt_handler Stopping MQTT client
INFO 2026-04-05 13:55:16,529 mqtt_handler Disconnected from MQTT broker
INFO 2026-04-05 13:55:22,166 autoreload Watching for file changes with StatReloader
INFO 2026-04-05 13:55:24,727 mqtt_handler Connecting to MQTT broker at broker.hivemq.com:1883
INFO 2026-04-05 13:55:24,974 mqtt_handler Starting MQTT client loop
INFO 2026-04-05 13:55:25,184 mqtt_handler Connected to MQTT broker successfully
INFO 2026-04-05 13:55:25,185 mqtt_handler Subscribed to smartfarm topics
INFO 2026-04-05 13:55:25,587 mqtt_handler Received message on topic: smartfarm/ESP32-FARM-001-WEERADEJ/status
INFO 2026-04-05 13:55:25,601 mqtt_handler Updated device: ESP32-FARM-001-WEERADEJ with status offline
INFO 2026-04-05 13:55:25,601 mqtt_handler Received message on topic: smartfarm/ESP32-FARM-Jan01/status
INFO 2026-04-05 13:55:25,611 mqtt_handler Updated device: ESP32-FARM-Jan01 with status offline
INFO 2026-04-05 13:55:25,612 mqtt_handler Received message on topic: smartfarm/KOTA-FARM-001/status
INFO 2026-04-05 13:55:25,620 mqtt_handler Updated device: KOTA-FARM-001 with status offline
INFO 2026-04-05 13:55:25,621 mqtt_handler Received message on topic: smartfarm/ESP32-FARM-001-BENJA-BENZ/status
INFO 2026-04-05 13:55:25,629 mqtt_handler Updated device: ESP32-FARM-001-BENJA-BENZ with status offline
INFO 2026-04-05 13:55:25,630 mqtt_handler Received message on topic: smartfarm/ESP32-FARM-001-TK2468/status
INFO 2026-04-05 13:55:25,639 mqtt_handler Updated device: ESP32-FARM-001-TK2468 with status offline
INFO 2026-04-05 13:55:25,642 mqtt_handler Received message on topic: smartfarm/ESP32-FARM-000-Anekwong/status
INFO 2026-04-05 13:55:25,651 mqtt_handler Updated device: ESP32-FARM-000-Anekwong with status offline
INFO 2026-04-05 13:55:25,653 mqtt_handler Received message on topic: smartfarm/ESP32-FARM-001-HANAHARPER/status
INFO 2026-04-05 13:55:25,660 mqtt_handler Updated device: ESP32-FARM-001-HANAHARPER with status offline
INFO 2026-04-05 13:55:25,661 mqtt_handler Received message on topic: smartfarm/ESP32-FARM-001-ATTASIT/status
INFO 2026-04-05 13:55:25,666 mqtt_handler Updated device: ESP32-FARM-001-ATTASIT with status offline
INFO 2026-04-05 13:55:25,667 mqtt_handler Received message on topic: smartfarm/ESP32-FARM-001-methee/status
INFO 2026-04-05 13:55:25,678 mqtt_handler Updated device: ESP32-FARM-001-methee with status offline
INFO 2026-04-05 13:55:25,679 mqtt_handler Received message on topic: smartfarm/ESP32-FARM-001-chonmapat/status
INFO 2026-04-05 13:55:25,685 mqtt_handler Updated device: ESP32-FARM-001-chonmapat with status offline
INFO 2026-04-05 13:55:25,685 mqtt_handler Received message on topic: smartfarm/ESP32-FARM-001-SUWAN-LAR/status
INFO 2026-04-05 13:55:25,692 mqtt_handler Updated device: ESP32-FARM-001-SUWAN-LAR with status offline
INFO 2026-04-05 13:55:25,693 mqtt_handler Received message on topic: smartfarm/ESP32-FARM-001/status
INFO 2026-04-05 13:55:25,702 mqtt_handler Updated device: ESP32-FARM-001 with status offline
INFO 2026-04-05 13:55:25,704 mqtt_handler Received message on topic: smartfarm/ESP32-FARM-WEERADEJ/status
INFO 2026-04-05 13:55:25,718 mqtt_handler Updated device: ESP32-FARM-WEERADEJ with status offline
INFO 2026-04-05 13:55:25,719 mqtt_handler Received message on topic: smartfarm/ESP32-FARM-001-NATTAPHOL-PALM/status
INFO 2026-04-05 13:55:25,728 mqtt_handler Updated device: ESP32-FARM-001-NATTAPHOL-PALM with status online
INFO 2026-04-05 13:55:26,515 mqtt_handler Received message on topic: smartfarm/ESP32-FARM-001-NATTAPHOL-PALM/telemetry
INFO 2026-04-05 13:55:26,554 mqtt_handler Created telemetry log for ESP32-FARM-001-NATTAPHOL-PALM
INFO 2026-04-05 13:55:31,515 mqtt_handler Received message on topic: smartfarm/ESP32-FARM-001-NATTAPHOL-PALM/telemetry
INFO 2026-04-05 13:55:31,540 mqtt_handler Created telemetry log for ESP32-FARM-001-NATTAPHOL-PALM
INFO 2026-04-05 13:55:36,511 mqtt_handler Received message on topic: smartfarm/ESP32-FARM-001-NATTAPHOL-PALM/telemetry
INFO 2026-04-05 13:55:36,544 mqtt_handler Created telemetry log for ESP32-FARM-001-NATTAPHOL-PALM
INFO 2026-04-05 13:55:41,513 mqtt_handler Received message on topic: smartfarm/ESP32-FARM-001-NATTAPHOL-PALM/telemetry
INFO 2026-04-05 13:55:41,533 mqtt_handler Created telemetry log for ESP32-FARM-001-NATTAPHOL-PALM
INFO 2026-04-05 13:55:41,789 mqtt_handler Received message on topic: smartfarm/ESP32-FARM-001-NATTAPHOL-PALM/status
INFO 2026-04-05 13:55:41,797 mqtt_handler Updated device: ESP32-FARM-001-NATTAPHOL-PALM with status online
INFO 2026-04-05 13:55:46,519 mqtt_handler Received message on topic: smartfarm/ESP32-FARM-001-NATTAPHOL-PALM/telemetry
INFO 2026-04-05 13:55:46,552 mqtt_handler Created telemetry log for ESP32-FARM-001-NATTAPHOL-PALM
INFO 2026-04-05 13:55:51,514 mqtt_handler Received message on topic: smartfarm/ESP32-FARM-001-NATTAPHOL-PALM/telemetry
INFO 2026-04-05 13:55:51,531 mqtt_handler Created telemetry log for ESP32-FARM-001-NATTAPHOL-PALM
INFO 2026-04-05 13:55:56,518 mqtt_handler Received message on topic: smartfarm/ESP32-FARM-001-NATTAPHOL-PALM/telemetry
INFO 2026-04-05 13:55:56,552 mqtt_handler Created telemetry log for ESP32-FARM-001-NATTAPHOL-PALM
INFO 2026-04-05 13:56:01,513 mqtt_handler Received message on topic: smartfarm/ESP32-FARM-001-NATTAPHOL-PALM/telemetry
INFO 2026-04-05 13:56:01,531 mqtt_handler Created telemetry log for ESP32-FARM-001-NATTAPHOL-PALM
INFO 2026-04-05 13:56:06,512 mqtt_handler Received message on topic: smartfarm/ESP32-FARM-001-NATTAPHOL-PALM/telemetry
INFO 2026-04-05 13:56:06,526 mqtt_handler Created telemetry log for ESP32-FARM-001-NATTAPHOL-PALM
INFO 2026-04-05 13:56:11,512 mqtt_handler Received message on topic: smartfarm/ESP32-FARM-001-NATTAPHOL-PALM/telemetry
INFO 2026-04-05 13:56:11,532 mqtt_handler Created telemetry log for ESP32-FARM-001-NATTAPHOL-PALM
INFO 2026-04-05 13:56:11,797 mqtt_handler Received message on topic: smartfarm/ESP32-FARM-001-NATTAPHOL-PALM/status
INFO 2026-04-05 13:56:11,820 mqtt_handler Updated device: ESP32-FARM-001-NATTAPHOL-PALM with status online
INFO 2026-04-05 13:56:16,526 mqtt_handler Received message on topic: smartfarm/ESP32-FARM-001-NATTAPHOL-PALM/telemetry
INFO 2026-04-05 13:56:16,549 mqtt_handler Created telemetry log for ESP32-FARM-001-NATTAPHOL-PALM
INFO 2026-04-05 13:56:21,525 mqtt_handler Received message on topic: smartfarm/ESP32-FARM-001-NATTAPHOL-PALM/telemetry
INFO 2026-04-05 13:56:21,587 mqtt_handler Created telemetry log for ESP32-FARM-001-NATTAPHOL-PALM
INFO 2026-04-05 13:56:26,520 mqtt_handler Received message on topic: smartfarm/ESP32-FARM-001-NATTAPHOL-PALM/telemetry
INFO 2026-04-05 13:56:26,538 mqtt_handler Created telemetry log for ESP32-FARM-001-NATTAPHOL-PALM
INFO 2026-04-05 13:56:31,536 mqtt_handler Received message on topic: smartfarm/ESP32-FARM-001-NATTAPHOL-PALM/telemetry
INFO 2026-04-05 13:56:31,578 mqtt_handler Created telemetry log for ESP32-FARM-001-NATTAPHOL-PALM
INFO 2026-04-05 13:56:36,527 mqtt_handler Received message on topic: smartfarm/ESP32-FARM-001-NATTAPHOL-PALM/telemetry
INFO 2026-04-05 13:56:36,547 mqtt_handler Created telemetry log for ESP32-FARM-001-NATTAPHOL-PALM
INFO 2026-04-05 13:56:41,532 mqtt_handler Received message on topic: smartfarm/ESP32-FARM-001-NATTAPHOL-PALM/telemetry
INFO 2026-04-05 13:56:41,550 mqtt_handler Created telemetry log for ESP32-FARM-001-NATTAPHOL-PALM
INFO 2026-04-05 13:56:41,802 mqtt_handler Received message on topic: smartfarm/ESP32-FARM-001-NATTAPHOL-PALM/status
INFO 2026-04-05 13:56:41,809 mqtt_handler Updated device: ESP32-FARM-001-NATTAPHOL-PALM with status online
INFO 2026-04-05 13:56:46,534 mqtt_handler Received message on topic: smartfarm/ESP32-FARM-001-NATTAPHOL-PALM/telemetry
INFO 2026-04-05 13:56:46,557 mqtt_handler Created telemetry log for ESP32-FARM-001-NATTAPHOL-PALM
INFO 2026-04-05 13:56:51,532 mqtt_handler Received message on topic: smartfarm/ESP32-FARM-001-NATTAPHOL-PALM/telemetry
INFO 2026-04-05 13:56:51,547 mqtt_handler Created telemetry log for ESP32-FARM-001-NATTAPHOL-PALM
INFO 2026-04-05 13:56:56,519 mqtt_handler Received message on topic: smartfarm/ESP32-FARM-001-NATTAPHOL-PALM/telemetry
INFO 2026-04-05 13:56:56,538 mqtt_handler Created telemetry log for ESP32-FARM-001-NATTAPHOL-PALM
INFO 2026-04-05 13:57:01,521 mqtt_handler Received message on topic: smartfarm/ESP32-FARM-001-NATTAPHOL-PALM/telemetry
INFO 2026-04-05 13:57:01,540 mqtt_handler Created telemetry log for ESP32-FARM-001-NATTAPHOL-PALM
INFO 2026-04-05 13:57:06,512 mqtt_handler Received message on topic: smartfarm/ESP32-FARM-001-NATTAPHOL-PALM/telemetry
INFO 2026-04-05 13:57:06,556 mqtt_handler Created telemetry log for ESP32-FARM-001-NATTAPHOL-PALM
INFO 2026-04-05 13:57:11,509 mqtt_handler Received message on topic: smartfarm/ESP32-FARM-001-NATTAPHOL-PALM/telemetry
INFO 2026-04-05 13:57:11,537 mqtt_handler Created telemetry log for ESP32-FARM-001-NATTAPHOL-PALM
INFO 2026-04-05 13:57:11,807 mqtt_handler Received message on topic: smartfarm/ESP32-FARM-001-NATTAPHOL-PALM/status
INFO 2026-04-05 13:57:11,816 mqtt_handler Updated device: ESP32-FARM-001-NATTAPHOL-PALM with status online
INFO 2026-04-05 13:57:16,518 mqtt_handler Received message on topic: smartfarm/ESP32-FARM-001-NATTAPHOL-PALM/telemetry
INFO 2026-04-05 13:57:16,537 mqtt_handler Created telemetry log for ESP32-FARM-001-NATTAPHOL-PALM
INFO 2026-04-05 13:57:21,512 mqtt_handler Received message on topic: smartfarm/ESP32-FARM-001-NATTAPHOL-PALM/telemetry
INFO 2026-04-05 13:57:21,524 mqtt_handler Created telemetry log for ESP32-FARM-001-NATTAPHOL-PALM
INFO 2026-04-05 13:57:26,517 mqtt_handler Received message on topic: smartfarm/ESP32-FARM-001-NATTAPHOL-PALM/telemetry
INFO 2026-04-05 13:57:26,545 mqtt_handler Created telemetry log for ESP32-FARM-001-NATTAPHOL-PALM
INFO 2026-04-05 13:57:31,518 mqtt_handler Received message on topic: smartfarm/ESP32-FARM-001-NATTAPHOL-PALM/telemetry
INFO 2026-04-05 13:57:31,554 mqtt_handler Created telemetry log for ESP32-FARM-001-NATTAPHOL-PALM
INFO 2026-04-05 13:57:36,558 mqtt_handler Received message on topic: smartfarm/ESP32-FARM-001-NATTAPHOL-PALM/telemetry
INFO 2026-04-05 13:57:36,582 mqtt_handler Created telemetry log for ESP32-FARM-001-NATTAPHOL-PALM
INFO 2026-04-05 13:57:41,899 mqtt_handler Received message on topic: smartfarm/ESP32-FARM-001-NATTAPHOL-PALM/telemetry
INFO 2026-04-05 13:57:41,911 mqtt_handler Created telemetry log for ESP32-FARM-001-NATTAPHOL-PALM
INFO 2026-04-05 13:57:42,173 mqtt_handler Received message on topic: smartfarm/ESP32-FARM-001-NATTAPHOL-PALM/status
INFO 2026-04-05 13:57:42,209 mqtt_handler Updated device: ESP32-FARM-001-NATTAPHOL-PALM with status online
INFO 2026-04-05 13:57:46,517 mqtt_handler Received message on topic: smartfarm/ESP32-FARM-001-NATTAPHOL-PALM/telemetry
INFO 2026-04-05 13:57:46,529 mqtt_handler Created telemetry log for ESP32-FARM-001-NATTAPHOL-PALM
INFO 2026-04-05 13:57:51,534 mqtt_handler Received message on topic: smartfarm/ESP32-FARM-001-NATTAPHOL-PALM/telemetry
INFO 2026-04-05 13:57:51,546 mqtt_handler Created telemetry log for ESP32-FARM-001-NATTAPHOL-PALM
INFO 2026-04-05 13:57:54,520 autoreload D:\GitAGThaiTechZone\myAPP-Django-AIOTs\myapp\admin.py changed, reloading.
INFO 2026-04-05 13:57:56,520 mqtt_handler Received message on topic: smartfarm/ESP32-FARM-001-NATTAPHOL-PALM/telemetry
INFO 2026-04-05 13:57:56,533 mqtt_handler Created telemetry log for ESP32-FARM-001-NATTAPHOL-PALM
INFO 2026-04-05 13:57:56,735 autoreload Watching for file changes with StatReloader
INFO 2026-04-05 13:58:01,515 mqtt_handler Received message on topic: smartfarm/ESP32-FARM-001-NATTAPHOL-PALM/telemetry
INFO 2026-04-05 13:58:01,536 mqtt_handler Created telemetry log for ESP32-FARM-001-NATTAPHOL-PALM
INFO 2026-04-05 13:58:06,512 mqtt_handler Received message on topic: smartfarm/ESP32-FARM-001-NATTAPHOL-PALM/telemetry
INFO 2026-04-05 13:58:06,531 mqtt_handler Created telemetry log for ESP32-FARM-001-NATTAPHOL-PALM
INFO 2026-04-05 13:58:09,562 mqtt_handler Stopping MQTT client
INFO 2026-04-05 13:58:09,563 mqtt_handler Disconnected from MQTT broker
INFO 2026-04-05 14:00:35,534 autoreload Watching for file changes with StatReloader
INFO 2026-04-05 14:00:37,656 mqtt_handler Connecting to MQTT broker at broker.hivemq.com:1883
INFO 2026-04-05 14:00:37,890 mqtt_handler Starting MQTT client loop
INFO 2026-04-05 14:00:38,098 mqtt_handler Connected to MQTT broker successfully
INFO 2026-04-05 14:00:38,100 mqtt_handler Subscribed to smartfarm topics
INFO 2026-04-05 14:00:38,517 mqtt_handler Received message on topic: smartfarm/ESP32-FARM-001-WEERADEJ/status
INFO 2026-04-05 14:00:38,526 mqtt_handler Updated device: ESP32-FARM-001-WEERADEJ with status offline
INFO 2026-04-05 14:00:38,527 mqtt_handler Received message on topic: smartfarm/ESP32-FARM-Jan01/status
INFO 2026-04-05 14:00:38,533 mqtt_handler Updated device: ESP32-FARM-Jan01 with status offline
INFO 2026-04-05 14:00:38,534 mqtt_handler Received message on topic: smartfarm/KOTA-FARM-001/status
INFO 2026-04-05 14:00:38,540 mqtt_handler Updated device: KOTA-FARM-001 with status offline
INFO 2026-04-05 14:00:38,541 mqtt_handler Received message on topic: smartfarm/ESP32-FARM-001-BENJA-BENZ/status
INFO 2026-04-05 14:00:38,548 mqtt_handler Updated device: ESP32-FARM-001-BENJA-BENZ with status offline
INFO 2026-04-05 14:00:38,548 mqtt_handler Received message on topic: smartfarm/ESP32-FARM-001-TK2468/status
INFO 2026-04-05 14:00:38,554 mqtt_handler Updated device: ESP32-FARM-001-TK2468 with status offline
INFO 2026-04-05 14:00:38,555 mqtt_handler Received message on topic: smartfarm/ESP32-FARM-000-Anekwong/status
INFO 2026-04-05 14:00:38,565 mqtt_handler Updated device: ESP32-FARM-000-Anekwong with status offline
INFO 2026-04-05 14:00:38,565 mqtt_handler Received message on topic: smartfarm/ESP32-FARM-001-HANAHARPER/status
INFO 2026-04-05 14:00:38,578 mqtt_handler Updated device: ESP32-FARM-001-HANAHARPER with status offline
INFO 2026-04-05 14:00:38,581 mqtt_handler Received message on topic: smartfarm/ESP32-FARM-001-ATTASIT/status
INFO 2026-04-05 14:00:38,604 mqtt_handler Updated device: ESP32-FARM-001-ATTASIT with status offline
INFO 2026-04-05 14:00:38,605 mqtt_handler Received message on topic: smartfarm/ESP32-FARM-001-methee/status
INFO 2026-04-05 14:00:38,623 mqtt_handler Updated device: ESP32-FARM-001-methee with status offline
INFO 2026-04-05 14:00:38,624 mqtt_handler Received message on topic: smartfarm/ESP32-FARM-001-chonmapat/status
INFO 2026-04-05 14:00:38,636 mqtt_handler Updated device: ESP32-FARM-001-chonmapat with status offline
INFO 2026-04-05 14:00:38,637 mqtt_handler Received message on topic: smartfarm/ESP32-FARM-001-SUWAN-LAR/status
INFO 2026-04-05 14:00:38,651 mqtt_handler Updated device: ESP32-FARM-001-SUWAN-LAR with status offline
INFO 2026-04-05 14:00:38,655 mqtt_handler Received message on topic: smartfarm/ESP32-FARM-001/status
INFO 2026-04-05 14:00:38,663 mqtt_handler Updated device: ESP32-FARM-001 with status offline
INFO 2026-04-05 14:00:38,664 mqtt_handler Received message on topic: smartfarm/ESP32-FARM-WEERADEJ/status
INFO 2026-04-05 14:00:38,671 mqtt_handler Updated device: ESP32-FARM-WEERADEJ with status offline
INFO 2026-04-05 14:00:38,671 mqtt_handler Received message on topic: smartfarm/ESP32-FARM-001-NATTAPHOL-PALM/status
INFO 2026-04-05 14:00:38,678 mqtt_handler Updated device: ESP32-FARM-001-NATTAPHOL-PALM with status online
INFO 2026-04-05 14:00:41,537 mqtt_handler Received message on topic: smartfarm/ESP32-FARM-001-NATTAPHOL-PALM/telemetry
INFO 2026-04-05 14:00:41,566 mqtt_handler Created telemetry log for ESP32-FARM-001-NATTAPHOL-PALM
INFO 2026-04-05 14:01:11,340 mqtt_handler Received message on topic: smartfarm/ESP32-FARM-001-NATTAPHOL-PALM/status
INFO 2026-04-05 14:01:11,367 mqtt_handler Updated device: ESP32-FARM-001-NATTAPHOL-PALM with status online
INFO 2026-04-05 14:01:11,375 mqtt_handler Received message on topic: smartfarm/ESP32-FARM-001-NATTAPHOL-PALM/telemetry
INFO 2026-04-05 14:01:11,393 mqtt_handler Created telemetry log for ESP32-FARM-001-NATTAPHOL-PALM
INFO 2026-04-05 14:01:11,401 mqtt_handler Received message on topic: smartfarm/ESP32-FARM-001-NATTAPHOL-PALM/telemetry
INFO 2026-04-05 14:01:11,414 mqtt_handler Created telemetry log for ESP32-FARM-001-NATTAPHOL-PALM
INFO 2026-04-05 14:01:11,414 mqtt_handler Received message on topic: smartfarm/ESP32-FARM-001-NATTAPHOL-PALM/telemetry
INFO 2026-04-05 14:01:11,428 mqtt_handler Created telemetry log for ESP32-FARM-001-NATTAPHOL-PALM
INFO 2026-04-05 14:01:11,671 mqtt_handler Received message on topic: smartfarm/ESP32-FARM-001-NATTAPHOL-PALM/telemetry
INFO 2026-04-05 14:01:11,693 mqtt_handler Created telemetry log for ESP32-FARM-001-NATTAPHOL-PALM
INFO 2026-04-05 14:01:11,694 mqtt_handler Received message on topic: smartfarm/ESP32-FARM-001-NATTAPHOL-PALM/telemetry
INFO 2026-04-05 14:01:11,715 mqtt_handler Created telemetry log for ESP32-FARM-001-NATTAPHOL-PALM
INFO 2026-04-05 14:01:11,717 mqtt_handler Received message on topic: smartfarm/ESP32-FARM-001-NATTAPHOL-PALM/telemetry
INFO 2026-04-05 14:01:11,738 mqtt_handler Created telemetry log for ESP32-FARM-001-NATTAPHOL-PALM
INFO 2026-04-05 14:01:11,739 mqtt_handler Received message on topic: smartfarm/ESP32-FARM-001-NATTAPHOL-PALM/status
INFO 2026-04-05 14:01:11,745 mqtt_handler Updated device: ESP32-FARM-001-NATTAPHOL-PALM with status online
INFO 2026-04-05 14:01:49,422 mqtt_handler Received message on topic: smartfarm/ESP32-FARM-001-NATTAPHOL-PALM/telemetry
INFO 2026-04-05 14:01:49,451 mqtt_handler Created telemetry log for ESP32-FARM-001-NATTAPHOL-PALM
INFO 2026-04-05 14:01:49,452 mqtt_handler Received message on topic: smartfarm/ESP32-FARM-001-NATTAPHOL-PALM/telemetry
INFO 2026-04-05 14:01:49,468 mqtt_handler Created telemetry log for ESP32-FARM-001-NATTAPHOL-PALM
INFO 2026-04-05 14:01:49,469 mqtt_handler Received message on topic: smartfarm/ESP32-FARM-001-NATTAPHOL-PALM/telemetry
INFO 2026-04-05 14:01:49,505 mqtt_handler Created telemetry log for ESP32-FARM-001-NATTAPHOL-PALM
INFO 2026-04-05 14:01:49,509 mqtt_handler Received message on topic: smartfarm/ESP32-FARM-001-NATTAPHOL-PALM/telemetry
INFO 2026-04-05 14:01:49,532 mqtt_handler Created telemetry log for ESP32-FARM-001-NATTAPHOL-PALM
INFO 2026-04-05 14:01:49,740 mqtt_handler Received message on topic: smartfarm/ESP32-FARM-001-NATTAPHOL-PALM/telemetry
INFO 2026-04-05 14:01:49,769 mqtt_handler Created telemetry log for ESP32-FARM-001-NATTAPHOL-PALM
INFO 2026-04-05 14:01:49,772 mqtt_handler Received message on topic: smartfarm/ESP32-FARM-001-NATTAPHOL-PALM/telemetry
INFO 2026-04-05 14:01:49,799 mqtt_handler Created telemetry log for ESP32-FARM-001-NATTAPHOL-PALM
INFO 2026-04-05 14:01:49,799 mqtt_handler Received message on topic: smartfarm/ESP32-FARM-001-NATTAPHOL-PALM/status
INFO 2026-04-05 14:01:49,813 mqtt_handler Updated device: ESP32-FARM-001-NATTAPHOL-PALM with status online
INFO 2026-04-05 14:01:49,819 mqtt_handler Received message on topic: smartfarm/ESP32-FARM-001-NATTAPHOL-PALM/telemetry
INFO 2026-04-05 14:01:49,839 mqtt_handler Created telemetry log for ESP32-FARM-001-NATTAPHOL-PALM
INFO 2026-04-05 14:01:51,527 mqtt_handler Received message on topic: smartfarm/ESP32-FARM-001-NATTAPHOL-PALM/telemetry
INFO 2026-04-05 14:01:51,547 mqtt_handler Created telemetry log for ESP32-FARM-001-NATTAPHOL-PALM
INFO 2026-04-05 14:01:56,534 mqtt_handler Received message on topic: smartfarm/ESP32-FARM-001-NATTAPHOL-PALM/telemetry
INFO 2026-04-05 14:01:56,547 mqtt_handler Created telemetry log for ESP32-FARM-001-NATTAPHOL-PALM
INFO 2026-04-05 14:02:01,515 mqtt_handler Received message on topic: smartfarm/ESP32-FARM-001-NATTAPHOL-PALM/telemetry
INFO 2026-04-05 14:02:01,549 mqtt_handler Created telemetry log for ESP32-FARM-001-NATTAPHOL-PALM
INFO 2026-04-05 14:02:06,510 mqtt_handler Received message on topic: smartfarm/ESP32-FARM-001-NATTAPHOL-PALM/telemetry
INFO 2026-04-05 14:02:06,521 mqtt_handler Created telemetry log for ESP32-FARM-001-NATTAPHOL-PALM
INFO 2026-04-05 14:02:11,512 mqtt_handler Received message on topic: smartfarm/ESP32-FARM-001-NATTAPHOL-PALM/telemetry
INFO 2026-04-05 14:02:11,540 mqtt_handler Created telemetry log for ESP32-FARM-001-NATTAPHOL-PALM
INFO 2026-04-05 14:02:11,736 mqtt_handler Received message on topic: smartfarm/ESP32-FARM-001-NATTAPHOL-PALM/status
INFO 2026-04-05 14:02:11,749 mqtt_handler Updated device: ESP32-FARM-001-NATTAPHOL-PALM with status online
INFO 2026-04-05 14:02:16,517 mqtt_handler Received message on topic: smartfarm/ESP32-FARM-001-NATTAPHOL-PALM/telemetry
INFO 2026-04-05 14:02:16,544 mqtt_handler Created telemetry log for ESP32-FARM-001-NATTAPHOL-PALM
INFO 2026-04-05 14:02:21,511 mqtt_handler Received message on topic: smartfarm/ESP32-FARM-001-NATTAPHOL-PALM/telemetry
INFO 2026-04-05 14:02:21,550 mqtt_handler Created telemetry log for ESP32-FARM-001-NATTAPHOL-PALM
INFO 2026-04-05 14:02:26,540 mqtt_handler Received message on topic: smartfarm/ESP32-FARM-001-NATTAPHOL-PALM/telemetry
INFO 2026-04-05 14:02:26,571 mqtt_handler Created telemetry log for ESP32-FARM-001-NATTAPHOL-PALM
INFO 2026-04-05 14:02:29,018 autoreload D:\GitAGThaiTechZone\myAPP-Django-AIOTs\myapp\admin.py changed, reloading.
INFO 2026-04-05 14:02:31,303 autoreload Watching for file changes with StatReloader
INFO 2026-04-05 14:02:31,582 mqtt_handler Received message on topic: smartfarm/ESP32-FARM-001-NATTAPHOL-PALM/telemetry
INFO 2026-04-05 14:02:31,596 mqtt_handler Created telemetry log for ESP32-FARM-001-NATTAPHOL-PALM
INFO 2026-04-05 14:02:36,514 mqtt_handler Received message on topic: smartfarm/ESP32-FARM-001-NATTAPHOL-PALM/telemetry
INFO 2026-04-05 14:02:36,541 mqtt_handler Created telemetry log for ESP32-FARM-001-NATTAPHOL-PALM
INFO 2026-04-05 14:02:41,527 mqtt_handler Received message on topic: smartfarm/ESP32-FARM-001-NATTAPHOL-PALM/telemetry
INFO 2026-04-05 14:02:41,547 mqtt_handler Created telemetry log for ESP32-FARM-001-NATTAPHOL-PALM
INFO 2026-04-05 14:02:41,846 mqtt_handler Received message on topic: smartfarm/ESP32-FARM-001-NATTAPHOL-PALM/status
INFO 2026-04-05 14:02:41,853 mqtt_handler Updated device: ESP32-FARM-001-NATTAPHOL-PALM with status online
INFO 2026-04-05 14:02:46,513 mqtt_handler Received message on topic: smartfarm/ESP32-FARM-001-NATTAPHOL-PALM/telemetry
INFO 2026-04-05 14:02:46,538 mqtt_handler Created telemetry log for ESP32-FARM-001-NATTAPHOL-PALM
INFO 2026-04-05 14:02:51,518 mqtt_handler Received message on topic: smartfarm/ESP32-FARM-001-NATTAPHOL-PALM/telemetry
INFO 2026-04-05 14:02:51,531 mqtt_handler Created telemetry log for ESP32-FARM-001-NATTAPHOL-PALM
INFO 2026-04-05 14:02:56,518 mqtt_handler Received message on topic: smartfarm/ESP32-FARM-001-NATTAPHOL-PALM/telemetry
INFO 2026-04-05 14:02:56,546 mqtt_handler Created telemetry log for ESP32-FARM-001-NATTAPHOL-PALM
INFO 2026-04-05 14:03:01,517 mqtt_handler Received message on topic: smartfarm/ESP32-FARM-001-NATTAPHOL-PALM/telemetry
INFO 2026-04-05 14:03:01,532 mqtt_handler Created telemetry log for ESP32-FARM-001-NATTAPHOL-PALM
INFO 2026-04-05 14:03:06,516 mqtt_handler Received message on topic: smartfarm/ESP32-FARM-001-NATTAPHOL-PALM/telemetry
INFO 2026-04-05 14:03:06,550 mqtt_handler Created telemetry log for ESP32-FARM-001-NATTAPHOL-PALM
INFO 2026-04-05 14:03:11,511 mqtt_handler Received message on topic: smartfarm/ESP32-FARM-001-NATTAPHOL-PALM/telemetry
INFO 2026-04-05 14:03:11,531 mqtt_handler Created telemetry log for ESP32-FARM-001-NATTAPHOL-PALM
INFO 2026-04-05 14:03:11,740 mqtt_handler Received message on topic: smartfarm/ESP32-FARM-001-NATTAPHOL-PALM/status
INFO 2026-04-05 14:03:11,746 mqtt_handler Updated device: ESP32-FARM-001-NATTAPHOL-PALM with status online
INFO 2026-04-05 14:03:12,337 autoreload D:\GitAGThaiTechZone\myAPP-Django-AIOTs\myapp\admin.py changed, reloading.
INFO 2026-04-05 14:03:13,479 autoreload Watching for file changes with StatReloader
INFO 2026-04-05 14:03:16,541 mqtt_handler Received message on topic: smartfarm/ESP32-FARM-001-NATTAPHOL-PALM/telemetry
INFO 2026-04-05 14:03:16,576 mqtt_handler Created telemetry log for ESP32-FARM-001-NATTAPHOL-PALM
INFO 2026-04-05 14:03:21,518 mqtt_handler Received message on topic: smartfarm/ESP32-FARM-001-NATTAPHOL-PALM/telemetry
INFO 2026-04-05 14:03:21,563 mqtt_handler Created telemetry log for ESP32-FARM-001-NATTAPHOL-PALM
INFO 2026-04-05 14:03:26,518 mqtt_handler Received message on topic: smartfarm/ESP32-FARM-001-NATTAPHOL-PALM/telemetry
INFO 2026-04-05 14:03:26,559 mqtt_handler Created telemetry log for ESP32-FARM-001-NATTAPHOL-PALM
INFO 2026-04-05 14:03:31,514 mqtt_handler Received message on topic: smartfarm/ESP32-FARM-001-NATTAPHOL-PALM/telemetry
INFO 2026-04-05 14:03:31,528 mqtt_handler Created telemetry log for ESP32-FARM-001-NATTAPHOL-PALM
INFO 2026-04-05 14:03:36,529 mqtt_handler Received message on topic: smartfarm/ESP32-FARM-001-NATTAPHOL-PALM/telemetry
INFO 2026-04-05 14:03:36,621 mqtt_handler Created telemetry log for ESP32-FARM-001-NATTAPHOL-PALM
INFO 2026-04-05 14:03:41,542 mqtt_handler Received message on topic: smartfarm/ESP32-FARM-001-NATTAPHOL-PALM/telemetry
INFO 2026-04-05 14:03:41,557 mqtt_handler Created telemetry log for ESP32-FARM-001-NATTAPHOL-PALM
INFO 2026-04-05 14:03:41,852 mqtt_handler Received message on topic: smartfarm/ESP32-FARM-001-NATTAPHOL-PALM/status
INFO 2026-04-05 14:03:41,865 mqtt_handler Updated device: ESP32-FARM-001-NATTAPHOL-PALM with status online
INFO 2026-04-05 14:03:46,530 mqtt_handler Received message on topic: smartfarm/ESP32-FARM-001-NATTAPHOL-PALM/telemetry
INFO 2026-04-05 14:03:46,565 mqtt_handler Created telemetry log for ESP32-FARM-001-NATTAPHOL-PALM
INFO 2026-04-05 14:03:51,510 mqtt_handler Received message on topic: smartfarm/ESP32-FARM-001-NATTAPHOL-PALM/telemetry
INFO 2026-04-05 14:03:51,530 mqtt_handler Created telemetry log for ESP32-FARM-001-NATTAPHOL-PALM
INFO 2026-04-05 14:03:56,522 mqtt_handler Received message on topic: smartfarm/ESP32-FARM-001-NATTAPHOL-PALM/telemetry
INFO 2026-04-05 14:03:56,551 mqtt_handler Created telemetry log for ESP32-FARM-001-NATTAPHOL-PALM
INFO 2026-04-05 14:04:01,523 mqtt_handler Received message on topic: smartfarm/ESP32-FARM-001-NATTAPHOL-PALM/telemetry
INFO 2026-04-05 14:04:01,540 mqtt_handler Created telemetry log for ESP32-FARM-001-NATTAPHOL-PALM
INFO 2026-04-05 14:04:06,533 mqtt_handler Received message on topic: smartfarm/ESP32-FARM-001-NATTAPHOL-PALM/telemetry
INFO 2026-04-05 14:04:06,549 mqtt_handler Created telemetry log for ESP32-FARM-001-NATTAPHOL-PALM
INFO 2026-04-05 14:04:11,510 mqtt_handler Received message on topic: smartfarm/ESP32-FARM-001-NATTAPHOL-PALM/telemetry
INFO 2026-04-05 14:04:11,522 mqtt_handler Created telemetry log for ESP32-FARM-001-NATTAPHOL-PALM
INFO 2026-04-05 14:04:11,748 mqtt_handler Received message on topic: smartfarm/ESP32-FARM-001-NATTAPHOL-PALM/status
INFO 2026-04-05 14:04:11,782 mqtt_handler Updated device: ESP32-FARM-001-NATTAPHOL-PALM with status online
INFO 2026-04-05 14:04:16,513 mqtt_handler Received message on topic: smartfarm/ESP32-FARM-001-NATTAPHOL-PALM/telemetry
INFO 2026-04-05 14:04:16,557 mqtt_handler Created telemetry log for ESP32-FARM-001-NATTAPHOL-PALM
INFO 2026-04-05 14:04:21,513 mqtt_handler Received message on topic: smartfarm/ESP32-FARM-001-NATTAPHOL-PALM/telemetry
INFO 2026-04-05 14:04:21,531 mqtt_handler Created telemetry log for ESP32-FARM-001-NATTAPHOL-PALM
INFO 2026-04-05 14:04:26,518 mqtt_handler Received message on topic: smartfarm/ESP32-FARM-001-NATTAPHOL-PALM/telemetry
INFO 2026-04-05 14:04:26,559 mqtt_handler Created telemetry log for ESP32-FARM-001-NATTAPHOL-PALM
INFO 2026-04-05 14:04:31,514 mqtt_handler Received message on topic: smartfarm/ESP32-FARM-001-NATTAPHOL-PALM/telemetry
INFO 2026-04-05 14:04:31,555 mqtt_handler Created telemetry log for ESP32-FARM-001-NATTAPHOL-PALM
INFO 2026-04-05 14:04:36,523 mqtt_handler Received message on topic: smartfarm/ESP32-FARM-001-NATTAPHOL-PALM/telemetry
INFO 2026-04-05 14:04:36,537 mqtt_handler Created telemetry log for ESP32-FARM-001-NATTAPHOL-PALM
INFO 2026-04-05 14:04:41,511 mqtt_handler Received message on topic: smartfarm/ESP32-FARM-001-NATTAPHOL-PALM/telemetry
INFO 2026-04-05 14:04:41,540 mqtt_handler Created telemetry log for ESP32-FARM-001-NATTAPHOL-PALM
INFO 2026-04-05 14:04:41,753 mqtt_handler Received message on topic: smartfarm/ESP32-FARM-001-NATTAPHOL-PALM/status
INFO 2026-04-05 14:04:41,761 mqtt_handler Updated device: ESP32-FARM-001-NATTAPHOL-PALM with status online
INFO 2026-04-05 14:04:46,507 mqtt_handler Received message on topic: smartfarm/ESP32-FARM-001-NATTAPHOL-PALM/telemetry
INFO 2026-04-05 14:04:46,552 mqtt_handler Created telemetry log for ESP32-FARM-001-NATTAPHOL-PALM
INFO 2026-04-05 14:04:48,575 mqtt_handler Stopping MQTT client
INFO 2026-04-05 14:04:48,579 mqtt_handler Disconnected from MQTT broker
INFO 2026-04-05 14:04:53,016 autoreload Watching for file changes with StatReloader
INFO 2026-04-05 14:04:56,543 mqtt_handler Connecting to MQTT broker at broker.hivemq.com:1883
INFO 2026-04-05 14:04:56,788 mqtt_handler Starting MQTT client loop
INFO 2026-04-05 14:04:56,988 mqtt_handler Connected to MQTT broker successfully
INFO 2026-04-05 14:04:56,989 mqtt_handler Subscribed to smartfarm topics
INFO 2026-04-05 14:04:57,395 mqtt_handler Received message on topic: smartfarm/ESP32-FARM-001-WEERADEJ/status
INFO 2026-04-05 14:04:57,434 mqtt_handler Created device: ESP32-FARM-001-WEERADEJ with status offline
INFO 2026-04-05 14:04:57,439 mqtt_handler Received message on topic: smartfarm/ESP32-FARM-Jan01/status
INFO 2026-04-05 14:04:57,456 mqtt_handler Created device: ESP32-FARM-Jan01 with status offline
INFO 2026-04-05 14:04:57,457 mqtt_handler Received message on topic: smartfarm/KOTA-FARM-001/status
INFO 2026-04-05 14:04:57,466 mqtt_handler Created device: KOTA-FARM-001 with status offline
INFO 2026-04-05 14:04:57,467 mqtt_handler Received message on topic: smartfarm/ESP32-FARM-001-BENJA-BENZ/status
INFO 2026-04-05 14:04:57,474 mqtt_handler Created device: ESP32-FARM-001-BENJA-BENZ with status offline
INFO 2026-04-05 14:04:57,475 mqtt_handler Received message on topic: smartfarm/ESP32-FARM-001-TK2468/status
INFO 2026-04-05 14:04:57,482 mqtt_handler Created device: ESP32-FARM-001-TK2468 with status offline
INFO 2026-04-05 14:04:57,483 mqtt_handler Received message on topic: smartfarm/ESP32-FARM-000-Anekwong/status
INFO 2026-04-05 14:04:57,489 mqtt_handler Created device: ESP32-FARM-000-Anekwong with status offline
INFO 2026-04-05 14:04:57,489 mqtt_handler Received message on topic: smartfarm/ESP32-FARM-001-HANAHARPER/status
INFO 2026-04-05 14:04:57,496 mqtt_handler Created device: ESP32-FARM-001-HANAHARPER with status offline
INFO 2026-04-05 14:04:57,497 mqtt_handler Received message on topic: smartfarm/ESP32-FARM-001-ATTASIT/status
INFO 2026-04-05 14:04:57,505 mqtt_handler Created device: ESP32-FARM-001-ATTASIT with status offline
INFO 2026-04-05 14:04:57,506 mqtt_handler Received message on topic: smartfarm/ESP32-FARM-001-methee/status
INFO 2026-04-05 14:04:57,512 mqtt_handler Created device: ESP32-FARM-001-methee with status offline
INFO 2026-04-05 14:04:57,514 mqtt_handler Received message on topic: smartfarm/ESP32-FARM-001-chonmapat/status
INFO 2026-04-05 14:04:57,520 mqtt_handler Created device: ESP32-FARM-001-chonmapat with status offline
INFO 2026-04-05 14:04:57,521 mqtt_handler Received message on topic: smartfarm/ESP32-FARM-001-SUWAN-LAR/status
INFO 2026-04-05 14:04:57,527 mqtt_handler Created device: ESP32-FARM-001-SUWAN-LAR with status offline
INFO 2026-04-05 14:04:57,527 mqtt_handler Received message on topic: smartfarm/ESP32-FARM-001/status
INFO 2026-04-05 14:04:57,534 mqtt_handler Created device: ESP32-FARM-001 with status offline
INFO 2026-04-05 14:04:57,535 mqtt_handler Received message on topic: smartfarm/ESP32-FARM-WEERADEJ/status
INFO 2026-04-05 14:04:57,541 mqtt_handler Created device: ESP32-FARM-WEERADEJ with status offline
INFO 2026-04-05 14:04:57,541 mqtt_handler Received message on topic: smartfarm/ESP32-FARM-001-NATTAPHOL-PALM/status
INFO 2026-04-05 14:04:57,548 mqtt_handler Updated device: ESP32-FARM-001-NATTAPHOL-PALM with status online
INFO 2026-04-05 14:05:01,510 mqtt_handler Received message on topic: smartfarm/ESP32-FARM-001-NATTAPHOL-PALM/telemetry
INFO 2026-04-05 14:05:01,525 mqtt_handler Created telemetry log for ESP32-FARM-001-NATTAPHOL-PALM
INFO 2026-04-05 14:05:06,511 mqtt_handler Received message on topic: smartfarm/ESP32-FARM-001-NATTAPHOL-PALM/telemetry
INFO 2026-04-05 14:05:06,532 mqtt_handler Created telemetry log for ESP32-FARM-001-NATTAPHOL-PALM
INFO 2026-04-05 14:05:11,512 mqtt_handler Received message on topic: smartfarm/ESP32-FARM-001-NATTAPHOL-PALM/telemetry
INFO 2026-04-05 14:05:11,529 mqtt_handler Created telemetry log for ESP32-FARM-001-NATTAPHOL-PALM
INFO 2026-04-05 14:05:11,758 mqtt_handler Received message on topic: smartfarm/ESP32-FARM-001-NATTAPHOL-PALM/status
INFO 2026-04-05 14:05:11,766 mqtt_handler Updated device: ESP32-FARM-001-NATTAPHOL-PALM with status online
INFO 2026-04-05 14:05:16,514 mqtt_handler Received message on topic: smartfarm/ESP32-FARM-001-NATTAPHOL-PALM/telemetry
INFO 2026-04-05 14:05:16,530 mqtt_handler Created telemetry log for ESP32-FARM-001-NATTAPHOL-PALM
INFO 2026-04-05 14:05:21,515 mqtt_handler Received message on topic: smartfarm/ESP32-FARM-001-NATTAPHOL-PALM/telemetry
INFO 2026-04-05 14:05:21,541 mqtt_handler Created telemetry log for ESP32-FARM-001-NATTAPHOL-PALM
INFO 2026-04-05 14:05:26,518 mqtt_handler Received message on topic: smartfarm/ESP32-FARM-001-NATTAPHOL-PALM/telemetry
INFO 2026-04-05 14:05:26,541 mqtt_handler Created telemetry log for ESP32-FARM-001-NATTAPHOL-PALM
INFO 2026-04-05 14:05:31,522 mqtt_handler Received message on topic: smartfarm/ESP32-FARM-001-NATTAPHOL-PALM/telemetry
INFO 2026-04-05 14:05:31,548 mqtt_handler Created telemetry log for ESP32-FARM-001-NATTAPHOL-PALM
INFO 2026-04-05 14:05:36,529 mqtt_handler Received message on topic: smartfarm/ESP32-FARM-001-NATTAPHOL-PALM/telemetry
INFO 2026-04-05 14:05:36,576 mqtt_handler Created telemetry log for ESP32-FARM-001-NATTAPHOL-PALM
INFO 2026-04-05 14:05:41,516 mqtt_handler Received message on topic: smartfarm/ESP32-FARM-001-NATTAPHOL-PALM/telemetry
INFO 2026-04-05 14:05:41,565 mqtt_handler Created telemetry log for ESP32-FARM-001-NATTAPHOL-PALM
INFO 2026-04-05 14:05:41,754 mqtt_handler Received message on topic: smartfarm/ESP32-FARM-001-NATTAPHOL-PALM/status
INFO 2026-04-05 14:05:41,775 mqtt_handler Updated device: ESP32-FARM-001-NATTAPHOL-PALM with status online
INFO 2026-04-05 14:05:46,515 mqtt_handler Received message on topic: smartfarm/ESP32-FARM-001-NATTAPHOL-PALM/telemetry
INFO 2026-04-05 14:05:46,564 mqtt_handler Created telemetry log for ESP32-FARM-001-NATTAPHOL-PALM
INFO 2026-04-05 14:05:51,518 mqtt_handler Received message on topic: smartfarm/ESP32-FARM-001-NATTAPHOL-PALM/telemetry
INFO 2026-04-05 14:05:51,552 mqtt_handler Created telemetry log for ESP32-FARM-001-NATTAPHOL-PALM
INFO 2026-04-05 14:05:56,521 mqtt_handler Received message on topic: smartfarm/ESP32-FARM-001-NATTAPHOL-PALM/telemetry
INFO 2026-04-05 14:05:56,549 mqtt_handler Created telemetry log for ESP32-FARM-001-NATTAPHOL-PALM
INFO 2026-04-05 14:06:01,520 mqtt_handler Received message on topic: smartfarm/ESP32-FARM-001-NATTAPHOL-PALM/telemetry
INFO 2026-04-05 14:06:01,555 mqtt_handler Created telemetry log for ESP32-FARM-001-NATTAPHOL-PALM
INFO 2026-04-05 14:06:06,516 mqtt_handler Received message on topic: smartfarm/ESP32-FARM-001-NATTAPHOL-PALM/telemetry
INFO 2026-04-05 14:06:06,579 mqtt_handler Created telemetry log for ESP32-FARM-001-NATTAPHOL-PALM
INFO 2026-04-05 14:06:11,523 mqtt_handler Received message on topic: smartfarm/ESP32-FARM-001-NATTAPHOL-PALM/telemetry
INFO 2026-04-05 14:06:11,540 mqtt_handler Created telemetry log for ESP32-FARM-001-NATTAPHOL-PALM
INFO 2026-04-05 14:06:11,765 mqtt_handler Received message on topic: smartfarm/ESP32-FARM-001-NATTAPHOL-PALM/status
INFO 2026-04-05 14:06:11,798 mqtt_handler Updated device: ESP32-FARM-001-NATTAPHOL-PALM with status online
INFO 2026-04-05 14:06:16,519 mqtt_handler Received message on topic: smartfarm/ESP32-FARM-001-NATTAPHOL-PALM/telemetry
INFO 2026-04-05 14:06:16,546 mqtt_handler Created telemetry log for ESP32-FARM-001-NATTAPHOL-PALM
INFO 2026-04-05 14:06:21,514 mqtt_handler Received message on topic: smartfarm/ESP32-FARM-001-NATTAPHOL-PALM/telemetry
INFO 2026-04-05 14:06:21,538 mqtt_handler Created telemetry log for ESP32-FARM-001-NATTAPHOL-PALM
INFO 2026-04-05 14:06:26,513 mqtt_handler Received message on topic: smartfarm/ESP32-FARM-001-NATTAPHOL-PALM/telemetry
INFO 2026-04-05 14:06:26,532 mqtt_handler Created telemetry log for ESP32-FARM-001-NATTAPHOL-PALM
INFO 2026-04-05 14:06:31,529 mqtt_handler Received message on topic: smartfarm/ESP32-FARM-001-NATTAPHOL-PALM/telemetry
INFO 2026-04-05 14:06:31,551 mqtt_handler Created telemetry log for ESP32-FARM-001-NATTAPHOL-PALM
INFO 2026-04-05 14:06:36,536 mqtt_handler Received message on topic: smartfarm/ESP32-FARM-001-NATTAPHOL-PALM/telemetry
INFO 2026-04-05 14:06:36,562 mqtt_handler Created telemetry log for ESP32-FARM-001-NATTAPHOL-PALM
INFO 2026-04-05 14:06:56,434 mqtt_handler Received message on topic: smartfarm/ESP32-FARM-001-NATTAPHOL-PALM/telemetry
INFO 2026-04-05 14:06:56,451 mqtt_handler Created telemetry log for ESP32-FARM-001-NATTAPHOL-PALM
INFO 2026-04-05 14:06:56,452 mqtt_handler Received message on topic: smartfarm/ESP32-FARM-001-NATTAPHOL-PALM/status
INFO 2026-04-05 14:06:56,459 mqtt_handler Updated device: ESP32-FARM-001-NATTAPHOL-PALM with status online
INFO 2026-04-05 14:06:56,461 mqtt_handler Received message on topic: smartfarm/ESP32-FARM-001-NATTAPHOL-PALM/telemetry
INFO 2026-04-05 14:06:56,473 mqtt_handler Created telemetry log for ESP32-FARM-001-NATTAPHOL-PALM
INFO 2026-04-05 14:06:56,755 mqtt_handler Received message on topic: smartfarm/ESP32-FARM-001-NATTAPHOL-PALM/telemetry
INFO 2026-04-05 14:06:56,769 mqtt_handler Created telemetry log for ESP32-FARM-001-NATTAPHOL-PALM
INFO 2026-04-05 14:06:56,770 mqtt_handler Received message on topic: smartfarm/ESP32-FARM-001-NATTAPHOL-PALM/telemetry
INFO 2026-04-05 14:06:56,784 mqtt_handler Created telemetry log for ESP32-FARM-001-NATTAPHOL-PALM
INFO 2026-04-05 14:07:01,538 mqtt_handler Received message on topic: smartfarm/ESP32-FARM-001-NATTAPHOL-PALM/telemetry
INFO 2026-04-05 14:07:01,579 mqtt_handler Created telemetry log for ESP32-FARM-001-NATTAPHOL-PALM
INFO 2026-04-05 14:07:06,549 mqtt_handler Received message on topic: smartfarm/ESP32-FARM-001-NATTAPHOL-PALM/telemetry
INFO 2026-04-05 14:07:06,575 mqtt_handler Created telemetry log for ESP32-FARM-001-NATTAPHOL-PALM
INFO 2026-04-05 14:07:11,591 mqtt_handler Received message on topic: smartfarm/ESP32-FARM-001-NATTAPHOL-PALM/telemetry
INFO 2026-04-05 14:07:11,602 mqtt_handler Created telemetry log for ESP32-FARM-001-NATTAPHOL-PALM
INFO 2026-04-05 14:07:11,787 mqtt_handler Received message on topic: smartfarm/ESP32-FARM-001-NATTAPHOL-PALM/status
INFO 2026-04-05 14:07:11,794 mqtt_handler Updated device: ESP32-FARM-001-NATTAPHOL-PALM with status online
INFO 2026-04-05 14:07:14,731 autoreload D:\GitAGThaiTechZone\myAPP-Django-AIOTs\myapp\mqtt_handler.py changed, reloading.
INFO 2026-04-05 14:07:16,388 autoreload Watching for file changes with StatReloader
INFO 2026-04-05 14:07:16,585 mqtt_handler Received message on topic: smartfarm/ESP32-FARM-001-NATTAPHOL-PALM/telemetry
INFO 2026-04-05 14:07:16,599 mqtt_handler Created telemetry log for ESP32-FARM-001-NATTAPHOL-PALM
INFO 2026-04-05 14:07:21,528 mqtt_handler Received message on topic: smartfarm/ESP32-FARM-001-NATTAPHOL-PALM/telemetry
INFO 2026-04-05 14:07:21,558 mqtt_handler Created telemetry log for ESP32-FARM-001-NATTAPHOL-PALM
INFO 2026-04-05 14:07:26,517 mqtt_handler Received message on topic: smartfarm/ESP32-FARM-001-NATTAPHOL-PALM/telemetry
INFO 2026-04-05 14:07:26,530 mqtt_handler Created telemetry log for ESP32-FARM-001-NATTAPHOL-PALM
INFO 2026-04-05 14:07:29,118 autoreload D:\GitAGThaiTechZone\myAPP-Django-AIOTs\myapp\mqtt_handler.py changed, reloading.
INFO 2026-04-05 14:07:30,246 autoreload Watching for file changes with StatReloader
INFO 2026-04-05 14:07:31,527 mqtt_handler Received message on topic: smartfarm/ESP32-FARM-001-NATTAPHOL-PALM/telemetry
INFO 2026-04-05 14:07:31,544 mqtt_handler Created telemetry log for ESP32-FARM-001-NATTAPHOL-PALM
INFO 2026-04-05 14:07:36,520 mqtt_handler Received message on topic: smartfarm/ESP32-FARM-001-NATTAPHOL-PALM/telemetry
INFO 2026-04-05 14:07:36,546 mqtt_handler Created telemetry log for ESP32-FARM-001-NATTAPHOL-PALM
INFO 2026-04-05 14:07:41,517 mqtt_handler Received message on topic: smartfarm/ESP32-FARM-001-NATTAPHOL-PALM/telemetry
INFO 2026-04-05 14:07:41,537 mqtt_handler Created telemetry log for ESP32-FARM-001-NATTAPHOL-PALM
INFO 2026-04-05 14:07:41,777 mqtt_handler Received message on topic: smartfarm/ESP32-FARM-001-NATTAPHOL-PALM/status
INFO 2026-04-05 14:07:41,791 mqtt_handler Updated device: ESP32-FARM-001-NATTAPHOL-PALM with status online
INFO 2026-04-05 14:07:46,525 mqtt_handler Received message on topic: smartfarm/ESP32-FARM-001-NATTAPHOL-PALM/telemetry
INFO 2026-04-05 14:07:46,560 mqtt_handler Created telemetry log for ESP32-FARM-001-NATTAPHOL-PALM
INFO 2026-04-05 14:07:51,535 mqtt_handler Received message on topic: smartfarm/ESP32-FARM-001-NATTAPHOL-PALM/telemetry
INFO 2026-04-05 14:07:51,572 mqtt_handler Created telemetry log for ESP32-FARM-001-NATTAPHOL-PALM
INFO 2026-04-05 14:07:56,535 mqtt_handler Received message on topic: smartfarm/ESP32-FARM-001-NATTAPHOL-PALM/telemetry
INFO 2026-04-05 14:07:56,564 mqtt_handler Created telemetry log for ESP32-FARM-001-NATTAPHOL-PALM
INFO 2026-04-05 14:08:01,527 mqtt_handler Received message on topic: smartfarm/ESP32-FARM-001-NATTAPHOL-PALM/telemetry
INFO 2026-04-05 14:08:01,563 mqtt_handler Created telemetry log for ESP32-FARM-001-NATTAPHOL-PALM
INFO 2026-04-05 14:08:06,517 mqtt_handler Received message on topic: smartfarm/ESP32-FARM-001-NATTAPHOL-PALM/telemetry
INFO 2026-04-05 14:08:06,537 mqtt_handler Created telemetry log for ESP32-FARM-001-NATTAPHOL-PALM
INFO 2026-04-05 14:08:11,521 mqtt_handler Received message on topic: smartfarm/ESP32-FARM-001-NATTAPHOL-PALM/telemetry
INFO 2026-04-05 14:08:11,539 mqtt_handler Created telemetry log for ESP32-FARM-001-NATTAPHOL-PALM
INFO 2026-04-05 14:08:11,781 mqtt_handler Received message on topic: smartfarm/ESP32-FARM-001-NATTAPHOL-PALM/status
INFO 2026-04-05 14:08:11,810 mqtt_handler Updated device: ESP32-FARM-001-NATTAPHOL-PALM with status online
INFO 2026-04-05 14:08:16,519 mqtt_handler Received message on topic: smartfarm/ESP32-FARM-001-NATTAPHOL-PALM/telemetry
INFO 2026-04-05 14:08:16,554 mqtt_handler Created telemetry log for ESP32-FARM-001-NATTAPHOL-PALM
INFO 2026-04-05 14:08:21,522 mqtt_handler Received message on topic: smartfarm/ESP32-FARM-001-NATTAPHOL-PALM/telemetry
INFO 2026-04-05 14:08:21,550 mqtt_handler Created telemetry log for ESP32-FARM-001-NATTAPHOL-PALM
INFO 2026-04-05 14:08:26,524 mqtt_handler Received message on topic: smartfarm/ESP32-FARM-001-NATTAPHOL-PALM/telemetry
INFO 2026-04-05 14:08:26,562 mqtt_handler Created telemetry log for ESP32-FARM-001-NATTAPHOL-PALM
INFO 2026-04-05 14:08:31,518 mqtt_handler Received message on topic: smartfarm/ESP32-FARM-001-NATTAPHOL-PALM/telemetry
INFO 2026-04-05 14:08:31,548 mqtt_handler Created telemetry log for ESP32-FARM-001-NATTAPHOL-PALM
INFO 2026-04-05 14:08:36,530 mqtt_handler Received message on topic: smartfarm/ESP32-FARM-001-NATTAPHOL-PALM/telemetry
INFO 2026-04-05 14:08:36,544 mqtt_handler Created telemetry log for ESP32-FARM-001-NATTAPHOL-PALM
INFO 2026-04-05 14:08:41,534 mqtt_handler Received message on topic: smartfarm/ESP32-FARM-001-NATTAPHOL-PALM/telemetry
INFO 2026-04-05 14:08:41,562 mqtt_handler Created telemetry log for ESP32-FARM-001-NATTAPHOL-PALM
INFO 2026-04-05 14:08:41,782 mqtt_handler Received message on topic: smartfarm/ESP32-FARM-001-NATTAPHOL-PALM/status
INFO 2026-04-05 14:08:41,798 mqtt_handler Updated device: ESP32-FARM-001-NATTAPHOL-PALM with status online
INFO 2026-04-05 14:08:46,518 mqtt_handler Received message on topic: smartfarm/ESP32-FARM-001-NATTAPHOL-PALM/telemetry
INFO 2026-04-05 14:08:46,532 mqtt_handler Created telemetry log for ESP32-FARM-001-NATTAPHOL-PALM
INFO 2026-04-05 14:08:51,523 mqtt_handler Received message on topic: smartfarm/ESP32-FARM-001-NATTAPHOL-PALM/telemetry
INFO 2026-04-05 14:08:51,552 mqtt_handler Created telemetry log for ESP32-FARM-001-NATTAPHOL-PALM
INFO 2026-04-05 14:08:56,526 mqtt_handler Received message on topic: smartfarm/ESP32-FARM-001-NATTAPHOL-PALM/telemetry
INFO 2026-04-05 14:08:56,538 mqtt_handler Created telemetry log for ESP32-FARM-001-NATTAPHOL-PALM
INFO 2026-04-05 14:09:01,513 mqtt_handler Received message on topic: smartfarm/ESP32-FARM-001-NATTAPHOL-PALM/telemetry
INFO 2026-04-05 14:09:01,535 mqtt_handler Created telemetry log for ESP32-FARM-001-NATTAPHOL-PALM
INFO 2026-04-05 14:09:06,532 mqtt_handler Received message on topic: smartfarm/ESP32-FARM-001-NATTAPHOL-PALM/telemetry
INFO 2026-04-05 14:09:06,583 mqtt_handler Created telemetry log for ESP32-FARM-001-NATTAPHOL-PALM
INFO 2026-04-05 14:09:11,519 mqtt_handler Received message on topic: smartfarm/ESP32-FARM-001-NATTAPHOL-PALM/telemetry
INFO 2026-04-05 14:09:11,546 mqtt_handler Created telemetry log for ESP32-FARM-001-NATTAPHOL-PALM
INFO 2026-04-05 14:09:11,778 mqtt_handler Received message on topic: smartfarm/ESP32-FARM-001-NATTAPHOL-PALM/status
INFO 2026-04-05 14:09:11,802 mqtt_handler Updated device: ESP32-FARM-001-NATTAPHOL-PALM with status online
INFO 2026-04-05 14:09:16,520 mqtt_handler Received message on topic: smartfarm/ESP32-FARM-001-NATTAPHOL-PALM/telemetry
INFO 2026-04-05 14:09:16,553 mqtt_handler Created telemetry log for ESP32-FARM-001-NATTAPHOL-PALM
INFO 2026-04-05 14:09:21,519 mqtt_handler Received message on topic: smartfarm/ESP32-FARM-001-NATTAPHOL-PALM/telemetry
INFO 2026-04-05 14:09:21,543 mqtt_handler Created telemetry log for ESP32-FARM-001-NATTAPHOL-PALM
INFO 2026-04-05 14:09:26,567 mqtt_handler Received message on topic: smartfarm/ESP32-FARM-001-NATTAPHOL-PALM/telemetry
INFO 2026-04-05 14:09:26,609 mqtt_handler Created telemetry log for ESP32-FARM-001-NATTAPHOL-PALM
INFO 2026-04-05 14:09:31,508 mqtt_handler Received message on topic: smartfarm/ESP32-FARM-001-NATTAPHOL-PALM/telemetry
INFO 2026-04-05 14:09:31,530 mqtt_handler Created telemetry log for ESP32-FARM-001-NATTAPHOL-PALM
INFO 2026-04-05 14:09:36,521 mqtt_handler Received message on topic: smartfarm/ESP32-FARM-001-NATTAPHOL-PALM/telemetry
INFO 2026-04-05 14:09:36,552 mqtt_handler Created telemetry log for ESP32-FARM-001-NATTAPHOL-PALM
INFO 2026-04-05 14:09:41,534 mqtt_handler Received message on topic: smartfarm/ESP32-FARM-001-NATTAPHOL-PALM/telemetry
INFO 2026-04-05 14:09:41,555 mqtt_handler Created telemetry log for ESP32-FARM-001-NATTAPHOL-PALM
INFO 2026-04-05 14:09:41,801 mqtt_handler Received message on topic: smartfarm/ESP32-FARM-001-NATTAPHOL-PALM/status
INFO 2026-04-05 14:09:41,814 mqtt_handler Updated device: ESP32-FARM-001-NATTAPHOL-PALM with status online
INFO 2026-04-05 14:09:46,351 autoreload Watching for file changes with StatReloader
INFO 2026-04-05 14:09:46,515 mqtt_handler Stopping MQTT client
INFO 2026-04-05 14:09:46,515 mqtt_handler Disconnected from MQTT broker
INFO 2026-04-05 14:09:50,643 mqtt_handler Connecting to MQTT broker at broker.hivemq.com:1883
INFO 2026-04-05 14:09:50,879 mqtt_handler Starting MQTT client loop
INFO 2026-04-05 14:09:51,072 mqtt_handler Connected to MQTT broker successfully
INFO 2026-04-05 14:09:51,076 mqtt_handler Subscribed to smartfarm topics
INFO 2026-04-05 14:09:51,480 mqtt_handler Received message on topic: smartfarm/ESP32-FARM-001-WEERADEJ/status
INFO 2026-04-05 14:09:51,495 mqtt_handler Updated device: ESP32-FARM-001-WEERADEJ with status offline
INFO 2026-04-05 14:09:51,495 mqtt_handler Received message on topic: smartfarm/ESP32-FARM-Jan01/status
INFO 2026-04-05 14:09:51,508 mqtt_handler Updated device: ESP32-FARM-Jan01 with status offline
INFO 2026-04-05 14:09:51,510 mqtt_handler Received message on topic: smartfarm/KOTA-FARM-001/status
INFO 2026-04-05 14:09:51,519 mqtt_handler Updated device: KOTA-FARM-001 with status offline
INFO 2026-04-05 14:09:51,521 mqtt_handler Received message on topic: smartfarm/ESP32-FARM-001-BENJA-BENZ/status
INFO 2026-04-05 14:09:51,529 mqtt_handler Updated device: ESP32-FARM-001-BENJA-BENZ with status offline
INFO 2026-04-05 14:09:51,529 mqtt_handler Received message on topic: smartfarm/ESP32-FARM-001-TK2468/status
INFO 2026-04-05 14:09:51,536 mqtt_handler Updated device: ESP32-FARM-001-TK2468 with status offline
INFO 2026-04-05 14:09:51,537 mqtt_handler Received message on topic: smartfarm/ESP32-FARM-000-Anekwong/status
INFO 2026-04-05 14:09:51,546 mqtt_handler Updated device: ESP32-FARM-000-Anekwong with status offline
INFO 2026-04-05 14:09:51,546 mqtt_handler Received message on topic: smartfarm/ESP32-FARM-001-HANAHARPER/status
INFO 2026-04-05 14:09:51,557 mqtt_handler Updated device: ESP32-FARM-001-HANAHARPER with status offline
INFO 2026-04-05 14:09:51,558 mqtt_handler Received message on topic: smartfarm/ESP32-FARM-001-ATTASIT/status
INFO 2026-04-05 14:09:51,565 mqtt_handler Updated device: ESP32-FARM-001-ATTASIT with status offline
INFO 2026-04-05 14:09:51,566 mqtt_handler Received message on topic: smartfarm/ESP32-FARM-001-methee/status
INFO 2026-04-05 14:09:51,579 mqtt_handler Updated device: ESP32-FARM-001-methee with status offline
INFO 2026-04-05 14:09:51,579 mqtt_handler Received message on topic: smartfarm/ESP32-FARM-001-chonmapat/status
INFO 2026-04-05 14:09:51,585 mqtt_handler Updated device: ESP32-FARM-001-chonmapat with status offline
INFO 2026-04-05 14:09:51,585 mqtt_handler Received message on topic: smartfarm/ESP32-FARM-001-SUWAN-LAR/status
INFO 2026-04-05 14:09:51,612 mqtt_handler Updated device: ESP32-FARM-001-SUWAN-LAR with status offline
INFO 2026-04-05 14:09:51,617 mqtt_handler Received message on topic: smartfarm/ESP32-FARM-001/status
INFO 2026-04-05 14:09:51,634 mqtt_handler Updated device: ESP32-FARM-001 with status offline
INFO 2026-04-05 14:09:51,634 mqtt_handler Received message on topic: smartfarm/ESP32-FARM-WEERADEJ/status
INFO 2026-04-05 14:09:51,646 mqtt_handler Updated device: ESP32-FARM-WEERADEJ with status offline
INFO 2026-04-05 14:09:51,647 mqtt_handler Received message on topic: smartfarm/ESP32-FARM-001-NATTAPHOL-PALM/status
INFO 2026-04-05 14:09:51,652 mqtt_handler Updated device: ESP32-FARM-001-NATTAPHOL-PALM with status online
INFO 2026-04-05 14:09:51,653 mqtt_handler Received message on topic: smartfarm/ESP32-FARM-001-NATTAPHOL-PALM/telemetry
INFO 2026-04-05 14:09:51,679 mqtt_handler Created telemetry log for ESP32-FARM-001-NATTAPHOL-PALM
INFO 2026-04-05 14:09:56,533 mqtt_handler Received message on topic: smartfarm/ESP32-FARM-001-NATTAPHOL-PALM/telemetry
INFO 2026-04-05 14:09:56,559 mqtt_handler Created telemetry log for ESP32-FARM-001-NATTAPHOL-PALM
INFO 2026-04-05 14:10:01,522 mqtt_handler Received message on topic: smartfarm/ESP32-FARM-001-NATTAPHOL-PALM/telemetry
INFO 2026-04-05 14:10:01,536 mqtt_handler Created telemetry log for ESP32-FARM-001-NATTAPHOL-PALM
INFO 2026-04-05 14:10:06,516 mqtt_handler Received message on topic: smartfarm/ESP32-FARM-001-NATTAPHOL-PALM/telemetry
INFO 2026-04-05 14:10:06,549 mqtt_handler Created telemetry log for ESP32-FARM-001-NATTAPHOL-PALM
INFO 2026-04-05 14:10:11,519 mqtt_handler Received message on topic: smartfarm/ESP32-FARM-001-NATTAPHOL-PALM/telemetry
INFO 2026-04-05 14:10:11,535 mqtt_handler Created telemetry log for ESP32-FARM-001-NATTAPHOL-PALM
INFO 2026-04-05 14:10:11,800 mqtt_handler Received message on topic: smartfarm/ESP32-FARM-001-NATTAPHOL-PALM/status
INFO 2026-04-05 14:10:11,820 mqtt_handler Updated device: ESP32-FARM-001-NATTAPHOL-PALM with status online
INFO 2026-04-05 14:10:16,529 mqtt_handler Received message on topic: smartfarm/ESP32-FARM-001-NATTAPHOL-PALM/telemetry
INFO 2026-04-05 14:10:16,569 mqtt_handler Created telemetry log for ESP32-FARM-001-NATTAPHOL-PALM
INFO 2026-04-05 14:10:21,534 mqtt_handler Received message on topic: smartfarm/ESP32-FARM-001-NATTAPHOL-PALM/telemetry
INFO 2026-04-05 14:10:21,558 mqtt_handler Created telemetry log for ESP32-FARM-001-NATTAPHOL-PALM
INFO 2026-04-05 14:10:26,560 mqtt_handler Received message on topic: smartfarm/ESP32-FARM-001-NATTAPHOL-PALM/telemetry
INFO 2026-04-05 14:10:26,576 mqtt_handler Created telemetry log for ESP32-FARM-001-NATTAPHOL-PALM
INFO 2026-04-05 14:10:31,522 mqtt_handler Received message on topic: smartfarm/ESP32-FARM-001-NATTAPHOL-PALM/telemetry
INFO 2026-04-05 14:10:31,566 mqtt_handler Created telemetry log for ESP32-FARM-001-NATTAPHOL-PALM
INFO 2026-04-05 14:10:36,545 mqtt_handler Received message on topic: smartfarm/ESP32-FARM-001-NATTAPHOL-PALM/telemetry
INFO 2026-04-05 14:10:36,581 mqtt_handler Created telemetry log for ESP32-FARM-001-NATTAPHOL-PALM
INFO 2026-04-05 14:10:41,528 mqtt_handler Received message on topic: smartfarm/ESP32-FARM-001-NATTAPHOL-PALM/telemetry
INFO 2026-04-05 14:10:41,550 mqtt_handler Created telemetry log for ESP32-FARM-001-NATTAPHOL-PALM
INFO 2026-04-05 14:10:41,803 mqtt_handler Received message on topic: smartfarm/ESP32-FARM-001-NATTAPHOL-PALM/status
INFO 2026-04-05 14:10:41,843 mqtt_handler Updated device: ESP32-FARM-001-NATTAPHOL-PALM with status online
INFO 2026-04-05 14:10:46,535 mqtt_handler Received message on topic: smartfarm/ESP32-FARM-001-NATTAPHOL-PALM/telemetry
INFO 2026-04-05 14:10:46,560 mqtt_handler Created telemetry log for ESP32-FARM-001-NATTAPHOL-PALM
INFO 2026-04-05 14:10:51,532 mqtt_handler Received message on topic: smartfarm/ESP32-FARM-001-NATTAPHOL-PALM/telemetry
INFO 2026-04-05 14:10:51,546 mqtt_handler Created telemetry log for ESP32-FARM-001-NATTAPHOL-PALM
INFO 2026-04-05 14:10:56,532 mqtt_handler Received message on topic: smartfarm/ESP32-FARM-001-NATTAPHOL-PALM/telemetry
INFO 2026-04-05 14:10:56,547 mqtt_handler Created telemetry log for ESP32-FARM-001-NATTAPHOL-PALM
INFO 2026-04-05 14:11:01,519 mqtt_handler Received message on topic: smartfarm/ESP32-FARM-001-NATTAPHOL-PALM/telemetry
INFO 2026-04-05 14:11:01,537 mqtt_handler Created telemetry log for ESP32-FARM-001-NATTAPHOL-PALM
INFO 2026-04-05 14:11:05,981 autoreload Watching for file changes with StatReloader
INFO 2026-04-05 14:11:06,526 mqtt_handler Received message on topic: smartfarm/ESP32-FARM-001-NATTAPHOL-PALM/telemetry
INFO 2026-04-05 14:11:06,538 mqtt_handler Created telemetry log for ESP32-FARM-001-NATTAPHOL-PALM
INFO 2026-04-05 14:11:11,523 mqtt_handler Received message on topic: smartfarm/ESP32-FARM-001-NATTAPHOL-PALM/telemetry
INFO 2026-04-05 14:11:11,547 mqtt_handler Created telemetry log for ESP32-FARM-001-NATTAPHOL-PALM
INFO 2026-04-05 14:11:11,799 mqtt_handler Received message on topic: smartfarm/ESP32-FARM-001-NATTAPHOL-PALM/status
INFO 2026-04-05 14:11:11,805 mqtt_handler Updated device: ESP32-FARM-001-NATTAPHOL-PALM with status online
INFO 2026-04-05 14:11:16,540 mqtt_handler Received message on topic: smartfarm/ESP32-FARM-001-NATTAPHOL-PALM/telemetry
INFO 2026-04-05 14:11:16,553 mqtt_handler Created telemetry log for ESP32-FARM-001-NATTAPHOL-PALM
INFO 2026-04-05 14:11:21,535 mqtt_handler Received message on topic: smartfarm/ESP32-FARM-001-NATTAPHOL-PALM/telemetry
INFO 2026-04-05 14:11:21,550 mqtt_handler Created telemetry log for ESP32-FARM-001-NATTAPHOL-PALM
INFO 2026-04-05 14:11:26,519 mqtt_handler Received message on topic: smartfarm/ESP32-FARM-001-NATTAPHOL-PALM/telemetry
INFO 2026-04-05 14:11:26,547 mqtt_handler Created telemetry log for ESP32-FARM-001-NATTAPHOL-PALM
INFO 2026-04-05 14:11:31,518 mqtt_handler Received message on topic: smartfarm/ESP32-FARM-001-NATTAPHOL-PALM/telemetry
INFO 2026-04-05 14:11:31,552 mqtt_handler Created telemetry log for ESP32-FARM-001-NATTAPHOL-PALM
INFO 2026-04-05 14:11:36,521 mqtt_handler Received message on topic: smartfarm/ESP32-FARM-001-NATTAPHOL-PALM/telemetry
INFO 2026-04-05 14:11:36,541 mqtt_handler Created telemetry log for ESP32-FARM-001-NATTAPHOL-PALM
INFO 2026-04-05 14:11:41,518 mqtt_handler Received message on topic: smartfarm/ESP32-FARM-001-NATTAPHOL-PALM/telemetry
INFO 2026-04-05 14:11:41,558 mqtt_handler Created telemetry log for ESP32-FARM-001-NATTAPHOL-PALM
INFO 2026-04-05 14:11:41,839 mqtt_handler Received message on topic: smartfarm/ESP32-FARM-001-NATTAPHOL-PALM/status
INFO 2026-04-05 14:11:41,866 mqtt_handler Updated device: ESP32-FARM-001-NATTAPHOL-PALM with status online
INFO 2026-04-05 14:11:46,516 mqtt_handler Received message on topic: smartfarm/ESP32-FARM-001-NATTAPHOL-PALM/telemetry
INFO 2026-04-05 14:11:46,527 mqtt_handler Created telemetry log for ESP32-FARM-001-NATTAPHOL-PALM
INFO 2026-04-05 14:11:51,531 mqtt_handler Received message on topic: smartfarm/ESP32-FARM-001-NATTAPHOL-PALM/telemetry
INFO 2026-04-05 14:11:51,558 mqtt_handler Created telemetry log for ESP32-FARM-001-NATTAPHOL-PALM
INFO 2026-04-05 14:11:56,519 mqtt_handler Received message on topic: smartfarm/ESP32-FARM-001-NATTAPHOL-PALM/telemetry
INFO 2026-04-05 14:11:56,545 mqtt_handler Created telemetry log for ESP32-FARM-001-NATTAPHOL-PALM
INFO 2026-04-05 14:12:01,532 mqtt_handler Received message on topic: smartfarm/ESP32-FARM-001-NATTAPHOL-PALM/telemetry
INFO 2026-04-05 14:12:01,571 mqtt_handler Created telemetry log for ESP32-FARM-001-NATTAPHOL-PALM
INFO 2026-04-05 14:12:06,516 mqtt_handler Received message on topic: smartfarm/ESP32-FARM-001-NATTAPHOL-PALM/telemetry
INFO 2026-04-05 14:12:06,543 mqtt_handler Created telemetry log for ESP32-FARM-001-NATTAPHOL-PALM
INFO 2026-04-05 14:12:11,527 mqtt_handler Received message on topic: smartfarm/ESP32-FARM-001-NATTAPHOL-PALM/telemetry
INFO 2026-04-05 14:12:11,569 mqtt_handler Created telemetry log for ESP32-FARM-001-NATTAPHOL-PALM
INFO 2026-04-05 14:12:11,807 mqtt_handler Received message on topic: smartfarm/ESP32-FARM-001-NATTAPHOL-PALM/status
INFO 2026-04-05 14:12:11,817 mqtt_handler Updated device: ESP32-FARM-001-NATTAPHOL-PALM with status online
INFO 2026-04-05 14:12:57,269 mqtt_handler Stopping MQTT client
INFO 2026-04-05 14:12:57,271 mqtt_handler Disconnected from MQTT broker
INFO 2026-04-05 14:14:51,847 autoreload D:\GitAGThaiTechZone\myAPP-Django-AIOTs\myapp\apps.py changed, reloading.
INFO 2026-04-05 14:14:54,109 autoreload Watching for file changes with StatReloader
INFO 2026-04-05 14:15:11,953 autoreload D:\GitAGThaiTechZone\myAPP-Django-AIOTs\myapp\apps.py changed, reloading.
INFO 2026-04-05 14:15:13,969 autoreload Watching for file changes with StatReloader
INFO 2026-04-05 14:16:53,008 autoreload Watching for file changes with StatReloader
INFO 2026-04-05 14:17:41,197 autoreload Watching for file changes with StatReloader
INFO 2026-04-05 14:18:44,633 autoreload D:\GitAGThaiTechZone\myAPP-Django-AIOTs\myproject\settings.py changed, reloading.
INFO 2026-04-05 14:18:47,283 autoreload Watching for file changes with StatReloader
INFO 2026-04-05 14:19:18,674 autoreload D:\GitAGThaiTechZone\myAPP-Django-AIOTs\myproject\settings.py changed, reloading.
INFO 2026-04-05 14:20:08,768 apps [MQTT] Starting MQTT Worker automatically...
INFO 2026-04-05 14:20:08,769 apps [MQTT] Worker thread started successfully
INFO 2026-04-05 14:20:08,769 mqtt_handler Connecting to MQTT broker at broker.hivemq.com:1883
INFO 2026-04-05 14:20:09,030 mqtt_handler Starting MQTT client loop
INFO 2026-04-05 14:20:09,237 mqtt_handler Connected to MQTT broker successfully
INFO 2026-04-05 14:20:09,237 mqtt_handler Subscribed to smartfarm topics
INFO 2026-04-05 14:20:09,637 mqtt_handler Received message on topic: smartfarm/ESP32-FARM-001-WEERADEJ/status
WARNING 2026-04-05 14:20:09,642 mqtt_handler Received status from unregistered device: ESP32-FARM-001-WEERADEJ. Please add device via Admin first.
INFO 2026-04-05 14:20:09,643 mqtt_handler Received message on topic: smartfarm/ESP32-FARM-Jan01/status
WARNING 2026-04-05 14:20:09,644 mqtt_handler Received status from unregistered device: ESP32-FARM-Jan01. Please add device via Admin first.
INFO 2026-04-05 14:20:09,646 mqtt_handler Received message on topic: smartfarm/KOTA-FARM-001/status
WARNING 2026-04-05 14:20:09,649 mqtt_handler Received status from unregistered device: KOTA-FARM-001. Please add device via Admin first.
INFO 2026-04-05 14:20:09,650 mqtt_handler Received message on topic: smartfarm/ESP32-FARM-001-BENJA-BENZ/status
WARNING 2026-04-05 14:20:09,652 mqtt_handler Received status from unregistered device: ESP32-FARM-001-BENJA-BENZ. Please add device via Admin first.
INFO 2026-04-05 14:20:09,653 mqtt_handler Received message on topic: smartfarm/ESP32-FARM-001-TK2468/status
WARNING 2026-04-05 14:20:09,655 mqtt_handler Received status from unregistered device: ESP32-FARM-001-TK2468. Please add device via Admin first.
INFO 2026-04-05 14:20:09,656 mqtt_handler Received message on topic: smartfarm/ESP32-FARM-000-Anekwong/status
WARNING 2026-04-05 14:20:09,657 mqtt_handler Received status from unregistered device: ESP32-FARM-000-Anekwong. Please add device via Admin first.
INFO 2026-04-05 14:20:09,658 mqtt_handler Received message on topic: smartfarm/ESP32-FARM-001-HANAHARPER/status
WARNING 2026-04-05 14:20:09,660 mqtt_handler Received status from unregistered device: ESP32-FARM-001-HANAHARPER. Please add device via Admin first.
INFO 2026-04-05 14:20:09,661 mqtt_handler Received message on topic: smartfarm/ESP32-FARM-001-ATTASIT/status
WARNING 2026-04-05 14:20:09,664 mqtt_handler Received status from unregistered device: ESP32-FARM-001-ATTASIT. Please add device via Admin first.
INFO 2026-04-05 14:20:09,668 mqtt_handler Received message on topic: smartfarm/ESP32-FARM-001-methee/status
WARNING 2026-04-05 14:20:09,671 mqtt_handler Received status from unregistered device: ESP32-FARM-001-methee. Please add device via Admin first.
INFO 2026-04-05 14:20:09,672 mqtt_handler Received message on topic: smartfarm/ESP32-FARM-001-chonmapat/status
WARNING 2026-04-05 14:20:09,674 mqtt_handler Received status from unregistered device: ESP32-FARM-001-chonmapat. Please add device via Admin first.
INFO 2026-04-05 14:20:09,674 mqtt_handler Received message on topic: smartfarm/ESP32-FARM-001-SUWAN-LAR/status
WARNING 2026-04-05 14:20:09,677 mqtt_handler Received status from unregistered device: ESP32-FARM-001-SUWAN-LAR. Please add device via Admin first.
INFO 2026-04-05 14:20:09,677 mqtt_handler Received message on topic: smartfarm/ESP32-FARM-001/status
WARNING 2026-04-05 14:20:09,680 mqtt_handler Received status from unregistered device: ESP32-FARM-001. Please add device via Admin first.
INFO 2026-04-05 14:20:09,681 mqtt_handler Received message on topic: smartfarm/ESP32-FARM-WEERADEJ/status
WARNING 2026-04-05 14:20:09,684 mqtt_handler Received status from unregistered device: ESP32-FARM-WEERADEJ. Please add device via Admin first.
INFO 2026-04-05 14:20:09,685 mqtt_handler Received message on topic: smartfarm/ESP32-FARM-001-NATTAPHOL-PALM/status
INFO 2026-04-05 14:20:09,694 mqtt_handler Updated device: ESP32-FARM-001-NATTAPHOL-PALM with status online
INFO 2026-04-05 14:20:12,041 apps [MQTT] Starting MQTT Worker automatically...
INFO 2026-04-05 14:20:12,041 apps [MQTT] Worker thread started successfully
INFO 2026-04-05 14:20:12,041 mqtt_handler Connecting to MQTT broker at broker.hivemq.com:1883
INFO 2026-04-05 14:20:12,269 mqtt_handler Starting MQTT client loop
INFO 2026-04-05 14:20:12,470 mqtt_handler Connected to MQTT broker successfully
INFO 2026-04-05 14:20:12,472 mqtt_handler Subscribed to smartfarm topics
INFO 2026-04-05 14:20:12,895 mqtt_handler Received message on topic: smartfarm/ESP32-FARM-001-WEERADEJ/status
WARNING 2026-04-05 14:20:12,900 mqtt_handler Received status from unregistered device: ESP32-FARM-001-WEERADEJ. Please add device via Admin first.
INFO 2026-04-05 14:20:12,902 mqtt_handler Received message on topic: smartfarm/ESP32-FARM-Jan01/status
WARNING 2026-04-05 14:20:12,905 mqtt_handler Received status from unregistered device: ESP32-FARM-Jan01. Please add device via Admin first.
INFO 2026-04-05 14:20:12,906 mqtt_handler Received message on topic: smartfarm/KOTA-FARM-001/status
WARNING 2026-04-05 14:20:12,908 mqtt_handler Received status from unregistered device: KOTA-FARM-001. Please add device via Admin first.
INFO 2026-04-05 14:20:12,909 mqtt_handler Received message on topic: smartfarm/ESP32-FARM-001-BENJA-BENZ/status
WARNING 2026-04-05 14:20:12,912 mqtt_handler Received status from unregistered device: ESP32-FARM-001-BENJA-BENZ. Please add device via Admin first.
INFO 2026-04-05 14:20:12,914 mqtt_handler Received message on topic: smartfarm/ESP32-FARM-001-TK2468/status
WARNING 2026-04-05 14:20:12,918 mqtt_handler Received status from unregistered device: ESP32-FARM-001-TK2468. Please add device via Admin first.
INFO 2026-04-05 14:20:12,919 mqtt_handler Received message on topic: smartfarm/ESP32-FARM-000-Anekwong/status
WARNING 2026-04-05 14:20:12,922 mqtt_handler Received status from unregistered device: ESP32-FARM-000-Anekwong. Please add device via Admin first.
INFO 2026-04-05 14:20:12,923 mqtt_handler Received message on topic: smartfarm/ESP32-FARM-001-HANAHARPER/status
WARNING 2026-04-05 14:20:12,926 mqtt_handler Received status from unregistered device: ESP32-FARM-001-HANAHARPER. Please add device via Admin first.
INFO 2026-04-05 14:20:12,933 mqtt_handler Received message on topic: smartfarm/ESP32-FARM-001-ATTASIT/status
WARNING 2026-04-05 14:20:12,934 mqtt_handler Received status from unregistered device: ESP32-FARM-001-ATTASIT. Please add device via Admin first.
INFO 2026-04-05 14:20:12,937 mqtt_handler Received message on topic: smartfarm/ESP32-FARM-001-methee/status
WARNING 2026-04-05 14:20:12,939 mqtt_handler Received status from unregistered device: ESP32-FARM-001-methee. Please add device via Admin first.
INFO 2026-04-05 14:20:12,941 mqtt_handler Received message on topic: smartfarm/ESP32-FARM-001-chonmapat/status
WARNING 2026-04-05 14:20:12,942 mqtt_handler Received status from unregistered device: ESP32-FARM-001-chonmapat. Please add device via Admin first.
INFO 2026-04-05 14:20:12,943 mqtt_handler Received message on topic: smartfarm/ESP32-FARM-001-SUWAN-LAR/status
WARNING 2026-04-05 14:20:12,947 mqtt_handler Received status from unregistered device: ESP32-FARM-001-SUWAN-LAR. Please add device via Admin first.
INFO 2026-04-05 14:20:12,948 mqtt_handler Received message on topic: smartfarm/ESP32-FARM-001/status
WARNING 2026-04-05 14:20:12,950 mqtt_handler Received status from unregistered device: ESP32-FARM-001. Please add device via Admin first.
INFO 2026-04-05 14:20:12,950 mqtt_handler Received message on topic: smartfarm/ESP32-FARM-WEERADEJ/status
WARNING 2026-04-05 14:20:12,952 mqtt_handler Received status from unregistered device: ESP32-FARM-WEERADEJ. Please add device via Admin first.
INFO 2026-04-05 14:20:12,953 mqtt_handler Received message on topic: smartfarm/ESP32-FARM-001-NATTAPHOL-PALM/status
INFO 2026-04-05 14:20:12,961 mqtt_handler Updated device: ESP32-FARM-001-NATTAPHOL-PALM with status online
INFO 2026-04-05 14:20:14,114 mqtt_handler Received message on topic: smartfarm/ESP32-FARM-001-NATTAPHOL-PALM/telemetry
INFO 2026-04-05 14:20:14,125 mqtt_handler Created telemetry log for ESP32-FARM-001-NATTAPHOL-PALM
INFO 2026-04-05 14:20:16,191 apps [MQTT] Starting MQTT Worker automatically...
INFO 2026-04-05 14:20:16,191 apps [MQTT] Worker thread started successfully
INFO 2026-04-05 14:20:16,192 mqtt_handler Connecting to MQTT broker at broker.hivemq.com:1883
INFO 2026-04-05 14:20:16,399 mqtt_handler Starting MQTT client loop
INFO 2026-04-05 14:20:16,598 mqtt_handler Connected to MQTT broker successfully
INFO 2026-04-05 14:20:16,599 mqtt_handler Subscribed to smartfarm topics
INFO 2026-04-05 14:20:16,998 mqtt_handler Received message on topic: smartfarm/ESP32-FARM-001-WEERADEJ/status
WARNING 2026-04-05 14:20:17,006 mqtt_handler Received status from unregistered device: ESP32-FARM-001-WEERADEJ. Please add device via Admin first.
INFO 2026-04-05 14:20:17,007 mqtt_handler Received message on topic: smartfarm/ESP32-FARM-Jan01/status
WARNING 2026-04-05 14:20:17,008 mqtt_handler Received status from unregistered device: ESP32-FARM-Jan01. Please add device via Admin first.
INFO 2026-04-05 14:20:17,009 mqtt_handler Received message on topic: smartfarm/KOTA-FARM-001/status
WARNING 2026-04-05 14:20:17,010 mqtt_handler Received status from unregistered device: KOTA-FARM-001. Please add device via Admin first.
INFO 2026-04-05 14:20:17,011 mqtt_handler Received message on topic: smartfarm/ESP32-FARM-001-BENJA-BENZ/status
WARNING 2026-04-05 14:20:17,013 mqtt_handler Received status from unregistered device: ESP32-FARM-001-BENJA-BENZ. Please add device via Admin first.
INFO 2026-04-05 14:20:17,014 mqtt_handler Received message on topic: smartfarm/ESP32-FARM-001-TK2468/status
WARNING 2026-04-05 14:20:17,015 mqtt_handler Received status from unregistered device: ESP32-FARM-001-TK2468. Please add device via Admin first.
INFO 2026-04-05 14:20:17,016 mqtt_handler Received message on topic: smartfarm/ESP32-FARM-000-Anekwong/status
WARNING 2026-04-05 14:20:17,018 mqtt_handler Received status from unregistered device: ESP32-FARM-000-Anekwong. Please add device via Admin first.
INFO 2026-04-05 14:20:17,019 mqtt_handler Received message on topic: smartfarm/ESP32-FARM-001-HANAHARPER/status
WARNING 2026-04-05 14:20:17,022 mqtt_handler Received status from unregistered device: ESP32-FARM-001-HANAHARPER. Please add device via Admin first.
INFO 2026-04-05 14:20:17,022 mqtt_handler Received message on topic: smartfarm/ESP32-FARM-001-ATTASIT/status
WARNING 2026-04-05 14:20:17,024 mqtt_handler Received status from unregistered device: ESP32-FARM-001-ATTASIT. Please add device via Admin first.
INFO 2026-04-05 14:20:17,026 mqtt_handler Received message on topic: smartfarm/ESP32-FARM-001-methee/status
WARNING 2026-04-05 14:20:17,027 mqtt_handler Received status from unregistered device: ESP32-FARM-001-methee. Please add device via Admin first.
INFO 2026-04-05 14:20:17,028 mqtt_handler Received message on topic: smartfarm/ESP32-FARM-001-chonmapat/status
WARNING 2026-04-05 14:20:17,030 mqtt_handler Received status from unregistered device: ESP32-FARM-001-chonmapat. Please add device via Admin first.
INFO 2026-04-05 14:20:17,031 mqtt_handler Received message on topic: smartfarm/ESP32-FARM-001-SUWAN-LAR/status
WARNING 2026-04-05 14:20:17,032 mqtt_handler Received status from unregistered device: ESP32-FARM-001-SUWAN-LAR. Please add device via Admin first.
INFO 2026-04-05 14:20:17,032 mqtt_handler Received message on topic: smartfarm/ESP32-FARM-001/status
WARNING 2026-04-05 14:20:17,033 mqtt_handler Received status from unregistered device: ESP32-FARM-001. Please add device via Admin first.
INFO 2026-04-05 14:20:17,034 mqtt_handler Received message on topic: smartfarm/ESP32-FARM-WEERADEJ/status
WARNING 2026-04-05 14:20:17,035 mqtt_handler Received status from unregistered device: ESP32-FARM-WEERADEJ. Please add device via Admin first.
INFO 2026-04-05 14:20:17,036 mqtt_handler Received message on topic: smartfarm/ESP32-FARM-001-NATTAPHOL-PALM/status
INFO 2026-04-05 14:20:17,043 mqtt_handler Updated device: ESP32-FARM-001-NATTAPHOL-PALM with status online
INFO 2026-04-05 14:20:19,133 mqtt_handler Received message on topic: smartfarm/ESP32-FARM-001-NATTAPHOL-PALM/telemetry
INFO 2026-04-05 14:20:19,133 mqtt_handler Received message on topic: smartfarm/ESP32-FARM-001-NATTAPHOL-PALM/telemetry
INFO 2026-04-05 14:20:19,167 mqtt_handler Created telemetry log for ESP32-FARM-001-NATTAPHOL-PALM
INFO 2026-04-05 14:20:19,185 mqtt_handler Created telemetry log for ESP32-FARM-001-NATTAPHOL-PALM
INFO 2026-04-05 14:20:22,535 mqtt_handler Received message on topic: smartfarm/ESP32-FARM-001-NATTAPHOL-PALM/status
INFO 2026-04-05 14:20:22,542 mqtt_handler Updated device: ESP32-FARM-001-NATTAPHOL-PALM with status online
INFO 2026-04-05 14:20:24,135 mqtt_handler Received message on topic: smartfarm/ESP32-FARM-001-NATTAPHOL-PALM/telemetry
INFO 2026-04-05 14:20:24,162 mqtt_handler Created telemetry log for ESP32-FARM-001-NATTAPHOL-PALM
INFO 2026-04-05 14:20:29,113 mqtt_handler Received message on topic: smartfarm/ESP32-FARM-001-NATTAPHOL-PALM/telemetry
INFO 2026-04-05 14:20:29,125 mqtt_handler Created telemetry log for ESP32-FARM-001-NATTAPHOL-PALM
INFO 2026-04-05 14:20:34,147 mqtt_handler Received message on topic: smartfarm/ESP32-FARM-001-NATTAPHOL-PALM/telemetry
INFO 2026-04-05 14:20:34,164 mqtt_handler Created telemetry log for ESP32-FARM-001-NATTAPHOL-PALM
INFO 2026-04-05 14:20:40,958 mqtt_handler Received message on topic: smartfarm/ESP32-FARM-001-NATTAPHOL-PALM/telemetry
INFO 2026-04-05 14:20:41,048 mqtt_handler Created telemetry log for ESP32-FARM-001-NATTAPHOL-PALM
INFO 2026-04-05 14:20:44,109 mqtt_handler Received message on topic: smartfarm/ESP32-FARM-001-NATTAPHOL-PALM/telemetry
INFO 2026-04-05 14:20:44,139 mqtt_handler Created telemetry log for ESP32-FARM-001-NATTAPHOL-PALM
INFO 2026-04-05 14:20:49,115 mqtt_handler Received message on topic: smartfarm/ESP32-FARM-001-NATTAPHOL-PALM/telemetry
INFO 2026-04-05 14:20:49,161 mqtt_handler Created telemetry log for ESP32-FARM-001-NATTAPHOL-PALM
INFO 2026-04-05 14:20:52,622 mqtt_handler Received message on topic: smartfarm/ESP32-FARM-001-NATTAPHOL-PALM/status
INFO 2026-04-05 14:20:52,629 mqtt_handler Updated device: ESP32-FARM-001-NATTAPHOL-PALM with status online
INFO 2026-04-05 14:20:54,812 mqtt_handler Received message on topic: smartfarm/ESP32-FARM-001-NATTAPHOL-PALM/telemetry
INFO 2026-04-05 14:20:54,830 mqtt_handler Created telemetry log for ESP32-FARM-001-NATTAPHOL-PALM
INFO 2026-04-05 14:20:59,126 mqtt_handler Received message on topic: smartfarm/ESP32-FARM-001-NATTAPHOL-PALM/telemetry
INFO 2026-04-05 14:20:59,172 mqtt_handler Created telemetry log for ESP32-FARM-001-NATTAPHOL-PALM
INFO 2026-04-05 14:21:04,112 mqtt_handler Received message on topic: smartfarm/ESP32-FARM-001-NATTAPHOL-PALM/telemetry
INFO 2026-04-05 14:21:04,177 mqtt_handler Created telemetry log for ESP32-FARM-001-NATTAPHOL-PALM
INFO 2026-04-05 14:21:09,123 mqtt_handler Received message on topic: smartfarm/ESP32-FARM-001-NATTAPHOL-PALM/telemetry
INFO 2026-04-05 14:21:09,151 mqtt_handler Created telemetry log for ESP32-FARM-001-NATTAPHOL-PALM
INFO 2026-04-05 14:21:14,136 mqtt_handler Received message on topic: smartfarm/ESP32-FARM-001-NATTAPHOL-PALM/telemetry
INFO 2026-04-05 14:21:14,151 mqtt_handler Created telemetry log for ESP32-FARM-001-NATTAPHOL-PALM
INFO 2026-04-05 14:21:19,141 mqtt_handler Received message on topic: smartfarm/ESP32-FARM-001-NATTAPHOL-PALM/telemetry
INFO 2026-04-05 14:21:19,155 mqtt_handler Created telemetry log for ESP32-FARM-001-NATTAPHOL-PALM
INFO 2026-04-05 14:21:22,562 mqtt_handler Received message on topic: smartfarm/ESP32-FARM-001-NATTAPHOL-PALM/status
INFO 2026-04-05 14:21:22,568 mqtt_handler Updated device: ESP32-FARM-001-NATTAPHOL-PALM with status online
INFO 2026-04-05 14:21:24,133 mqtt_handler Received message on topic: smartfarm/ESP32-FARM-001-NATTAPHOL-PALM/telemetry
INFO 2026-04-05 14:21:24,146 mqtt_handler Created telemetry log for ESP32-FARM-001-NATTAPHOL-PALM
INFO 2026-04-05 14:21:29,123 mqtt_handler Received message on topic: smartfarm/ESP32-FARM-001-NATTAPHOL-PALM/telemetry
INFO 2026-04-05 14:21:29,136 mqtt_handler Created telemetry log for ESP32-FARM-001-NATTAPHOL-PALM
INFO 2026-04-05 14:21:34,194 mqtt_handler Received message on topic: smartfarm/ESP32-FARM-001-NATTAPHOL-PALM/telemetry
INFO 2026-04-05 14:21:34,224 mqtt_handler Created telemetry log for ESP32-FARM-001-NATTAPHOL-PALM
INFO 2026-04-05 14:21:39,114 mqtt_handler Received message on topic: smartfarm/ESP32-FARM-001-NATTAPHOL-PALM/telemetry
INFO 2026-04-05 14:21:39,134 mqtt_handler Created telemetry log for ESP32-FARM-001-NATTAPHOL-PALM
INFO 2026-04-05 14:21:44,122 mqtt_handler Received message on topic: smartfarm/ESP32-FARM-001-NATTAPHOL-PALM/telemetry
INFO 2026-04-05 14:21:44,143 mqtt_handler Created telemetry log for ESP32-FARM-001-NATTAPHOL-PALM
INFO 2026-04-05 14:21:49,124 mqtt_handler Received message on topic: smartfarm/ESP32-FARM-001-NATTAPHOL-PALM/telemetry
INFO 2026-04-05 14:21:49,150 mqtt_handler Created telemetry log for ESP32-FARM-001-NATTAPHOL-PALM
INFO 2026-04-05 14:21:52,543 mqtt_handler Received message on topic: smartfarm/ESP32-FARM-001-NATTAPHOL-PALM/status
INFO 2026-04-05 14:21:52,567 mqtt_handler Updated device: ESP32-FARM-001-NATTAPHOL-PALM with status online
INFO 2026-04-05 14:21:54,121 mqtt_handler Received message on topic: smartfarm/ESP32-FARM-001-NATTAPHOL-PALM/telemetry
INFO 2026-04-05 14:21:54,140 mqtt_handler Created telemetry log for ESP32-FARM-001-NATTAPHOL-PALM
INFO 2026-04-05 14:21:59,145 mqtt_handler Received message on topic: smartfarm/ESP32-FARM-001-NATTAPHOL-PALM/telemetry
INFO 2026-04-05 14:21:59,164 mqtt_handler Created telemetry log for ESP32-FARM-001-NATTAPHOL-PALM
INFO 2026-04-05 14:22:04,136 mqtt_handler Received message on topic: smartfarm/ESP32-FARM-001-NATTAPHOL-PALM/telemetry
INFO 2026-04-05 14:22:04,176 mqtt_handler Created telemetry log for ESP32-FARM-001-NATTAPHOL-PALM
INFO 2026-04-05 14:22:09,135 mqtt_handler Received message on topic: smartfarm/ESP32-FARM-001-NATTAPHOL-PALM/telemetry
INFO 2026-04-05 14:22:09,172 mqtt_handler Created telemetry log for ESP32-FARM-001-NATTAPHOL-PALM
INFO 2026-04-05 14:22:14,118 mqtt_handler Received message on topic: smartfarm/ESP32-FARM-001-NATTAPHOL-PALM/telemetry
INFO 2026-04-05 14:22:14,132 mqtt_handler Created telemetry log for ESP32-FARM-001-NATTAPHOL-PALM
INFO 2026-04-05 14:22:19,112 mqtt_handler Received message on topic: smartfarm/ESP32-FARM-001-NATTAPHOL-PALM/telemetry
INFO 2026-04-05 14:22:19,133 mqtt_handler Created telemetry log for ESP32-FARM-001-NATTAPHOL-PALM
INFO 2026-04-05 14:22:22,558 mqtt_handler Received message on topic: smartfarm/ESP32-FARM-001-NATTAPHOL-PALM/status
INFO 2026-04-05 14:22:22,575 mqtt_handler Updated device: ESP32-FARM-001-NATTAPHOL-PALM with status online
INFO 2026-04-05 14:22:24,122 mqtt_handler Received message on topic: smartfarm/ESP32-FARM-001-NATTAPHOL-PALM/telemetry
INFO 2026-04-05 14:22:24,151 mqtt_handler Created telemetry log for ESP32-FARM-001-NATTAPHOL-PALM
INFO 2026-04-05 14:22:29,125 mqtt_handler Received message on topic: smartfarm/ESP32-FARM-001-NATTAPHOL-PALM/telemetry
INFO 2026-04-05 14:22:29,151 mqtt_handler Created telemetry log for ESP32-FARM-001-NATTAPHOL-PALM
INFO 2026-04-05 14:22:39,924 mqtt_handler Received message on topic: smartfarm/ESP32-FARM-001-NATTAPHOL-PALM/telemetry
INFO 2026-04-05 14:22:39,951 mqtt_handler Created telemetry log for ESP32-FARM-001-NATTAPHOL-PALM
INFO 2026-04-05 14:22:40,239 mqtt_handler Received message on topic: smartfarm/ESP32-FARM-001-NATTAPHOL-PALM/telemetry
INFO 2026-04-05 14:22:40,270 mqtt_handler Created telemetry log for ESP32-FARM-001-NATTAPHOL-PALM
INFO 2026-04-05 14:22:44,142 mqtt_handler Received message on topic: smartfarm/ESP32-FARM-001-NATTAPHOL-PALM/telemetry
INFO 2026-04-05 14:22:44,162 mqtt_handler Created telemetry log for ESP32-FARM-001-NATTAPHOL-PALM
INFO 2026-04-05 14:22:49,121 mqtt_handler Received message on topic: smartfarm/ESP32-FARM-001-NATTAPHOL-PALM/telemetry
INFO 2026-04-05 14:22:49,149 mqtt_handler Created telemetry log for ESP32-FARM-001-NATTAPHOL-PALM
INFO 2026-04-05 14:22:52,534 mqtt_handler Received message on topic: smartfarm/ESP32-FARM-001-NATTAPHOL-PALM/status
INFO 2026-04-05 14:22:52,552 mqtt_handler Updated device: ESP32-FARM-001-NATTAPHOL-PALM with status online
INFO 2026-04-05 14:22:54,115 mqtt_handler Received message on topic: smartfarm/ESP32-FARM-001-NATTAPHOL-PALM/telemetry
INFO 2026-04-05 14:22:54,141 mqtt_handler Created telemetry log for ESP32-FARM-001-NATTAPHOL-PALM
INFO 2026-04-05 14:22:59,104 mqtt_handler Received message on topic: smartfarm/ESP32-FARM-001-NATTAPHOL-PALM/telemetry
INFO 2026-04-05 14:22:59,119 mqtt_handler Created telemetry log for ESP32-FARM-001-NATTAPHOL-PALM
INFO 2026-04-05 14:23:04,114 mqtt_handler Received message on topic: smartfarm/ESP32-FARM-001-NATTAPHOL-PALM/telemetry
INFO 2026-04-05 14:23:04,145 mqtt_handler Created telemetry log for ESP32-FARM-001-NATTAPHOL-PALM
INFO 2026-04-05 14:23:09,114 mqtt_handler Received message on topic: smartfarm/ESP32-FARM-001-NATTAPHOL-PALM/telemetry
INFO 2026-04-05 14:23:09,136 mqtt_handler Created telemetry log for ESP32-FARM-001-NATTAPHOL-PALM
INFO 2026-04-05 14:23:14,822 mqtt_handler Received message on topic: smartfarm/ESP32-FARM-001-NATTAPHOL-PALM/telemetry
INFO 2026-04-05 14:23:14,855 mqtt_handler Created telemetry log for ESP32-FARM-001-NATTAPHOL-PALM
INFO 2026-04-05 14:23:19,117 mqtt_handler Received message on topic: smartfarm/ESP32-FARM-001-NATTAPHOL-PALM/telemetry
INFO 2026-04-05 14:23:19,154 mqtt_handler Created telemetry log for ESP32-FARM-001-NATTAPHOL-PALM
INFO 2026-04-05 14:23:22,558 mqtt_handler Received message on topic: smartfarm/ESP32-FARM-001-NATTAPHOL-PALM/status
INFO 2026-04-05 14:23:22,570 mqtt_handler Updated device: ESP32-FARM-001-NATTAPHOL-PALM with status online
INFO 2026-04-05 14:23:24,145 mqtt_handler Received message on topic: smartfarm/ESP32-FARM-001-NATTAPHOL-PALM/telemetry
INFO 2026-04-05 14:23:24,167 mqtt_handler Created telemetry log for ESP32-FARM-001-NATTAPHOL-PALM
INFO 2026-04-05 14:23:29,158 mqtt_handler Received message on topic: smartfarm/ESP32-FARM-001-NATTAPHOL-PALM/telemetry
INFO 2026-04-05 14:23:29,176 mqtt_handler Created telemetry log for ESP32-FARM-001-NATTAPHOL-PALM
INFO 2026-04-05 14:23:36,032 mqtt_handler Received message on topic: smartfarm/ESP32-FARM-001-NATTAPHOL-PALM/telemetry
INFO 2026-04-05 14:23:36,064 mqtt_handler Created telemetry log for ESP32-FARM-001-NATTAPHOL-PALM
INFO 2026-04-05 14:26:13,137 apps [MQTT] Starting MQTT Worker automatically...
INFO 2026-04-05 14:26:13,137 apps [MQTT] Worker thread started successfully
INFO 2026-04-05 14:26:13,137 mqtt_handler Connecting to MQTT broker at broker.hivemq.com:1883
INFO 2026-04-05 14:26:13,387 mqtt_handler Starting MQTT client loop
INFO 2026-04-05 14:26:13,586 mqtt_handler Connected to MQTT broker successfully
INFO 2026-04-05 14:26:13,587 mqtt_handler Subscribed to smartfarm topics
INFO 2026-04-05 14:26:13,989 mqtt_handler Received message on topic: smartfarm/ESP32-FARM-001-WEERADEJ/status
WARNING 2026-04-05 14:26:13,995 mqtt_handler Received status from unregistered device: ESP32-FARM-001-WEERADEJ. Please add device via Admin first.
INFO 2026-04-05 14:26:13,996 mqtt_handler Received message on topic: smartfarm/ESP32-FARM-Jan01/status
WARNING 2026-04-05 14:26:13,997 mqtt_handler Received status from unregistered device: ESP32-FARM-Jan01. Please add device via Admin first.
INFO 2026-04-05 14:26:13,997 mqtt_handler Received message on topic: smartfarm/KOTA-FARM-001/status
WARNING 2026-04-05 14:26:13,998 mqtt_handler Received status from unregistered device: KOTA-FARM-001. Please add device via Admin first.
INFO 2026-04-05 14:26:14,000 mqtt_handler Received message on topic: smartfarm/ESP32-FARM-001-BENJA-BENZ/status
WARNING 2026-04-05 14:26:14,001 mqtt_handler Received status from unregistered device: ESP32-FARM-001-BENJA-BENZ. Please add device via Admin first.
INFO 2026-04-05 14:26:14,001 mqtt_handler Received message on topic: smartfarm/ESP32-FARM-001-TK2468/status
WARNING 2026-04-05 14:26:14,003 mqtt_handler Received status from unregistered device: ESP32-FARM-001-TK2468. Please add device via Admin first.
INFO 2026-04-05 14:26:14,004 mqtt_handler Received message on topic: smartfarm/ESP32-FARM-000-Anekwong/status
WARNING 2026-04-05 14:26:14,005 mqtt_handler Received status from unregistered device: ESP32-FARM-000-Anekwong. Please add device via Admin first.
INFO 2026-04-05 14:26:14,006 mqtt_handler Received message on topic: smartfarm/ESP32-FARM-001-HANAHARPER/status
WARNING 2026-04-05 14:26:14,007 mqtt_handler Received status from unregistered device: ESP32-FARM-001-HANAHARPER. Please add device via Admin first.
INFO 2026-04-05 14:26:14,007 mqtt_handler Received message on topic: smartfarm/ESP32-FARM-001-ATTASIT/status
WARNING 2026-04-05 14:26:14,008 mqtt_handler Received status from unregistered device: ESP32-FARM-001-ATTASIT. Please add device via Admin first.
INFO 2026-04-05 14:26:14,009 mqtt_handler Received message on topic: smartfarm/ESP32-FARM-001-methee/status
WARNING 2026-04-05 14:26:14,010 mqtt_handler Received status from unregistered device: ESP32-FARM-001-methee. Please add device via Admin first.
INFO 2026-04-05 14:26:14,010 mqtt_handler Received message on topic: smartfarm/ESP32-FARM-001-chonmapat/status
WARNING 2026-04-05 14:26:14,011 mqtt_handler Received status from unregistered device: ESP32-FARM-001-chonmapat. Please add device via Admin first.
INFO 2026-04-05 14:26:14,011 mqtt_handler Received message on topic: smartfarm/ESP32-FARM-001-SUWAN-LAR/status
WARNING 2026-04-05 14:26:14,012 mqtt_handler Received status from unregistered device: ESP32-FARM-001-SUWAN-LAR. Please add device via Admin first.
INFO 2026-04-05 14:26:14,013 mqtt_handler Received message on topic: smartfarm/ESP32-FARM-001/status
WARNING 2026-04-05 14:26:14,014 mqtt_handler Received status from unregistered device: ESP32-FARM-001. Please add device via Admin first.
INFO 2026-04-05 14:26:14,014 mqtt_handler Received message on topic: smartfarm/ESP32-FARM-WEERADEJ/status
WARNING 2026-04-05 14:26:14,015 mqtt_handler Received status from unregistered device: ESP32-FARM-WEERADEJ. Please add device via Admin first.
INFO 2026-04-05 14:26:14,016 mqtt_handler Received message on topic: smartfarm/ESP32-FARM-001-NATTAPHOL-PALM/status
INFO 2026-04-05 14:26:14,032 mqtt_handler Updated device: ESP32-FARM-001-NATTAPHOL-PALM with status online
INFO 2026-04-05 14:26:14,110 mqtt_handler Received message on topic: smartfarm/ESP32-FARM-001-NATTAPHOL-PALM/telemetry
INFO 2026-04-05 14:26:14,124 mqtt_handler Created telemetry log for ESP32-FARM-001-NATTAPHOL-PALM
INFO 2026-04-05 14:26:19,119 mqtt_handler Received message on topic: smartfarm/ESP32-FARM-001-NATTAPHOL-PALM/telemetry
INFO 2026-04-05 14:26:19,138 mqtt_handler Created telemetry log for ESP32-FARM-001-NATTAPHOL-PALM
INFO 2026-04-05 14:26:22,544 mqtt_handler Received message on topic: smartfarm/ESP32-FARM-001-NATTAPHOL-PALM/status
INFO 2026-04-05 14:26:22,557 mqtt_handler Updated device: ESP32-FARM-001-NATTAPHOL-PALM with status online
INFO 2026-04-05 14:26:24,113 mqtt_handler Received message on topic: smartfarm/ESP32-FARM-001-NATTAPHOL-PALM/telemetry
INFO 2026-04-05 14:26:24,137 mqtt_handler Created telemetry log for ESP32-FARM-001-NATTAPHOL-PALM
INFO 2026-04-05 14:26:29,108 mqtt_handler Received message on topic: smartfarm/ESP32-FARM-001-NATTAPHOL-PALM/telemetry
INFO 2026-04-05 14:26:29,127 mqtt_handler Created telemetry log for ESP32-FARM-001-NATTAPHOL-PALM
INFO 2026-04-05 14:26:34,126 mqtt_handler Received message on topic: smartfarm/ESP32-FARM-001-NATTAPHOL-PALM/telemetry
INFO 2026-04-05 14:26:34,147 mqtt_handler Created telemetry log for ESP32-FARM-001-NATTAPHOL-PALM
INFO 2026-04-05 14:26:39,125 mqtt_handler Received message on topic: smartfarm/ESP32-FARM-001-NATTAPHOL-PALM/telemetry
INFO 2026-04-05 14:26:39,141 mqtt_handler Created telemetry log for ESP32-FARM-001-NATTAPHOL-PALM
INFO 2026-04-05 14:26:44,110 mqtt_handler Received message on topic: smartfarm/ESP32-FARM-001-NATTAPHOL-PALM/telemetry
INFO 2026-04-05 14:26:44,123 mqtt_handler Created telemetry log for ESP32-FARM-001-NATTAPHOL-PALM
INFO 2026-04-05 14:26:49,117 mqtt_handler Received message on topic: smartfarm/ESP32-FARM-001-NATTAPHOL-PALM/telemetry
INFO 2026-04-05 14:26:49,133 mqtt_handler Created telemetry log for ESP32-FARM-001-NATTAPHOL-PALM
INFO 2026-04-05 14:26:52,544 mqtt_handler Received message on topic: smartfarm/ESP32-FARM-001-NATTAPHOL-PALM/status
INFO 2026-04-05 14:26:52,567 mqtt_handler Updated device: ESP32-FARM-001-NATTAPHOL-PALM with status online
INFO 2026-04-05 14:26:54,111 mqtt_handler Received message on topic: smartfarm/ESP32-FARM-001-NATTAPHOL-PALM/telemetry
INFO 2026-04-05 14:26:54,148 mqtt_handler Created telemetry log for ESP32-FARM-001-NATTAPHOL-PALM
INFO 2026-04-05 14:26:59,107 mqtt_handler Received message on topic: smartfarm/ESP32-FARM-001-NATTAPHOL-PALM/telemetry
INFO 2026-04-05 14:26:59,138 mqtt_handler Created telemetry log for ESP32-FARM-001-NATTAPHOL-PALM
INFO 2026-04-05 14:27:04,123 mqtt_handler Received message on topic: smartfarm/ESP32-FARM-001-NATTAPHOL-PALM/telemetry
INFO 2026-04-05 14:27:04,142 mqtt_handler Created telemetry log for ESP32-FARM-001-NATTAPHOL-PALM
INFO 2026-04-05 14:27:09,133 mqtt_handler Received message on topic: smartfarm/ESP32-FARM-001-NATTAPHOL-PALM/telemetry
INFO 2026-04-05 14:27:09,174 mqtt_handler Created telemetry log for ESP32-FARM-001-NATTAPHOL-PALM
INFO 2026-04-05 14:27:14,114 mqtt_handler Received message on topic: smartfarm/ESP32-FARM-001-NATTAPHOL-PALM/telemetry
INFO 2026-04-05 14:27:14,129 mqtt_handler Created telemetry log for ESP32-FARM-001-NATTAPHOL-PALM
INFO 2026-04-05 14:27:19,122 mqtt_handler Received message on topic: smartfarm/ESP32-FARM-001-NATTAPHOL-PALM/telemetry
INFO 2026-04-05 14:27:19,185 mqtt_handler Created telemetry log for ESP32-FARM-001-NATTAPHOL-PALM
INFO 2026-04-05 14:27:22,540 mqtt_handler Received message on topic: smartfarm/ESP32-FARM-001-NATTAPHOL-PALM/status
INFO 2026-04-05 14:27:22,562 mqtt_handler Updated device: ESP32-FARM-001-NATTAPHOL-PALM with status online
INFO 2026-04-05 14:27:24,117 mqtt_handler Received message on topic: smartfarm/ESP32-FARM-001-NATTAPHOL-PALM/telemetry
INFO 2026-04-05 14:27:24,160 mqtt_handler Created telemetry log for ESP32-FARM-001-NATTAPHOL-PALM
INFO 2026-04-05 14:27:42,961 mqtt_handler Received message on topic: smartfarm/ESP32-FARM-001-NATTAPHOL-PALM/telemetry
INFO 2026-04-05 14:27:42,978 mqtt_handler Created telemetry log for ESP32-FARM-001-NATTAPHOL-PALM
INFO 2026-04-05 14:27:43,262 mqtt_handler Received message on topic: smartfarm/ESP32-FARM-001-NATTAPHOL-PALM/telemetry
INFO 2026-04-05 14:27:43,283 mqtt_handler Created telemetry log for ESP32-FARM-001-NATTAPHOL-PALM
INFO 2026-04-05 14:27:43,284 mqtt_handler Received message on topic: smartfarm/ESP32-FARM-001-NATTAPHOL-PALM/telemetry
INFO 2026-04-05 14:27:43,299 mqtt_handler Created telemetry log for ESP32-FARM-001-NATTAPHOL-PALM
INFO 2026-04-05 14:27:44,114 mqtt_handler Received message on topic: smartfarm/ESP32-FARM-001-NATTAPHOL-PALM/telemetry
INFO 2026-04-05 14:27:44,160 mqtt_handler Created telemetry log for ESP32-FARM-001-NATTAPHOL-PALM
